index	education	from	to	degree	degreeDate	teacher	institution	place
0	Westminster						Westminster School	Westminster, London
0	Ch.Ch. Oxf.	1775					Church Christ College, Oxford	Oxford
0	M.Temple						Middle Temple	London
0	L.Inn	1785					Lincoln's Inn	London
8	Rugby							Rugby
8	Edinburgh U.						Edinburgh University	Edinburgh
12	Westminster						Westminster School	Westminster, London
12	Magd. Oxf.	1759					Magdalene College, Oxford	Oxford
15	M.Temple	1705					Middle Temple	London
16	Univ. Coll. Oxf.	1765					University College, Oxford	Oxford
19	Leiden U.						Leiden University	Leiden
23	Edinburgh U.	1743					Edinburgh University	Edinburgh
29	Charterhouse						Charterhouse School	Godalming
29	Queen's Oxf.						Queen's College, Oxford	Oxford
29	Magd. Oxf.	1689					Magdalene College, Oxford	Oxford
32	Westminster						Westminster School	Westminster, London
32	Ch.Ch. Oxf.	1778					Church Christ College, Oxford	Oxford
43	Eton						Eton College School	Eton
43	Merton Oxf.	1736					Merton College, Oxford	Oxford
45						John Alexander		
52	Foulis Academy	1755	1764				Foulis Academy of Fine Arts	Glasgow
63	BNC Oxf.	1730					Brasenose College, Oxford	Oxford
63	G.Inn	1731					Gray's Inn	London
64	Univ. Coll. Oxf.	1712					University College, Oxford	Oxford
72	Ch.Ch. Oxf.	1789					Church Christ College, Oxford	Oxford
79	Eton						Eton College School	Eton
86	Glasgow U.						Glasgow University	Glasgow
91	St John's Oxf.	1711					St John's College, Oxford	Oxford
91	I.Temple						Inner Temple	London
92	Eton						Eton College School	Eton
92	Oriel Oxf.	1784	1788				Oriel College, Oxford	Oxford
95	Glasgow U.	1733					Glasgow University	Glasgow
97	Oriel Oxf.	1766					Oriel College, Oxford	Oxford
98	Eton						Eton College School	Eton
98	Ch.Ch. Oxf.	1779					Church Christ College, Oxford	Oxford
105	Eton						Eton College School	Eton
105	Ch.Ch. Oxf.	1760					Church Christ College, Oxford	Oxford
107	Trin. Oxf.	1678					Trinity College, Oxford	Oxford
107	I.Temple	1680					Inner Temple	London
108	Eton						Eton College School	Eton
108	Trin. Oxf.	1754					Trinity College, Oxford	Oxford
110	Trin. Oxf.	1712					Trinity College, Oxford	Oxford
112	Eton						Eton College School	Eton
112	King's Camb.	1750					King's College, Cambridge	Cambridge
118	Trin. Camb.	1786					Trinity College, Cambridge	Cambridge
118	L.Inn	1785					Lincoln's Inn	London
120	Edinburgh			MD	1732			Edinburgh
122	Eton						Eton College School	Eton
122	Trin. Camb.	1751					Trinity College, Cambridge	Cambridge
126	RA Schools	1778					Royal Academy Schools	London
132	St Omer College	1753	1758				St Omer College School	St Omer
134	Ch.Ch. Oxf.	1782					Church Christ College, Oxford	Oxford
134				MD	1796			
137	Clare Camb.	1741					Clare College, Cambridge	Cambridge
139	Emmanuel Camb.	1739					Emmanuel College, Cambridge	Cambridge
139	Leiden U.	1745					Leiden University	Leiden
139				MD	1750			
141	BNC Oxf.						Brasenose College, Oxford	Oxford
141	Balliol Oxf.						Balliol College, Oxford	Oxford
141	M.Temple	1779					Middle Temple	London
144	Christ's Camb.	1785					Christ's College, Cambridge	Cambridge
144	L.Inn	1785					Lincoln's Inn	London
148	Ch.Ch. Oxf.	1758					Church Christ College, Oxford	Oxford
154	Exeter Oxf.	1712					Exeter College, Oxford	Oxford
154				DD	1738			
156	Westminster						Westminster School	Westminster, London
156	Ch.Ch. Oxf.	1758					Church Christ College, Oxford	Oxford
178	Westminster						Westminster School	Westminster, London
178	BNC Oxf.	1750					Brasenose College, Oxford	Oxford
178	L.Inn	1751					Lincoln's Inn	London
178				DCL	1764			
179	L.Inn	1766					Lincoln's Inn	London
180	Westminster						Westminster School	Westminster, London
180	Magd. Oxf.	1747					Magdalene College, Oxford	Oxford
185	St Mary Hall Oxf.	1737					St Mary's Hall College, Oxford	Oxford
186	Trin. Camb.	1784					Trinity College, Cambridge	Cambridge
200	Balliol Oxf.	1704					Balliol College, Oxford	Oxford
200	L.Inn	1707					Lincoln's Inn	London
201	Trin. Oxf.	1786					Trinity College, Oxford	Oxford
214	Eton						Eton College School	Eton
218	New Coll. Oxf.	1770					New College, Oxford	Oxford
219	St John's Camb.	1738					St John's College, Cambridge	Cambridge
220	Westminster						Westminster School	Westminster, London
220	Trin. Camb.	1773					Trinity College, Cambridge	Cambridge
221	BNC Oxf.	1768					Brasenose College, Oxford	Oxford
222						Barlow		
222	St Martin's Lane Academy						St Martin's Lane Academy	London
230	Leiden							Leiden
230	Rotterdam							Rotterdam
237	RA schools						Royal Academy Schools	London
250	Ch.Ch. Oxf.	1783					Church Christ College, Oxford	Oxford
253	Peterhouse Camb.	1763					Peterhouse College, Cambridge	Cambridge
259	Harrow						Harrow School	London
259	L.Inn	1734					Lincoln's Inn	London
261	Geneva	1735	1738					Geneva
262	Fournier's Academy	1764					Fournier's Academy	London
262		1764	1766			Reynolds		
265						Jacob Ennis		
266	BNC Oxf.	1767					Brasenose College, Oxford	Oxford
271	Westminster						Westminster School	Westminster, London
271	Eton						Eton College School	Eton
275	Queen's Oxf.	1713					Queen's College, Oxford	Oxford
277	Harrow						Harrow School	London
277	Eton						Eton College School	Eton
277	King's Camb.	1775					King's College, Cambridge	Cambridge
280	Peterhouse Camb.	1712					Peterhouse College, Cambridge	Cambridge
280	I.Temple	1712					Inner Temple	London
291	Eton						Eton College School	Eton
291	Trin. Oxf.	1708					Trinity College, Oxford	Oxford
292	Balliol Oxf.	1725					Balliol College, Oxford	Oxford
293	Eton						Eton College School	Eton
293	Trin. Oxf.	1703					Trinity College, Oxford	Oxford
297	St John's Camb.	1761					St John's College, Cambridge	Cambridge
297	Leiden U.	1771					Leiden University	Leiden
297	Montpellier			MD	1770			Montpellier
307	Caius Camb.	1722					Gonville and Caius College, Cambridge	Cambridge
311	Pembroke Oxf.	1721					Pembroke College, Oxford	Oxford
311	M.Temple	1721					Middle Temple	London
312	Queen's Oxf.	1709					Queen's College, Oxford	Oxford
312	Merton Oxf.			MA	1715		Merton College, Oxford	Oxford
313	Eton						Eton College School	Eton
313	Ch.Ch. Oxf.	1760					Church Christ College, Oxford	Oxford
316	Christ's Camb.	1773					Christ's College, Cambridge	Cambridge
318	Queen's Oxf.	1758					Queen's College, Oxford	Oxford
320	Eton						Eton College School	Eton
320	Ch.Ch. Oxf.	1790					Church Christ College, Oxford	Oxford
322	Trin. Oxf.	1757					Trinity College, Oxford	Oxford
325	Westminster						Westminster School	Westminster, London
325	Univ. Coll. Oxf.	1720					University College, Oxford	Oxford
326	Edinburgh U.	1770					Edinburgh University	Edinburgh
327	Edinburgh U.						Edinburgh University	Edinburgh
329	Eton						Eton College School	Eton
329	New Coll. Oxf.						New College, Oxford	Oxford
330	Univ. Coll. Oxf.	1777					University College, Oxford	Oxford
332	Westminster						Westminster School	Westminster, London
332	New Coll. Oxf.	1757					New College, Oxford	Oxford
335	Leipzig U.	1751					Leipzig University	Leipzig
335	Westminster						Westminster School	Westminster, London
335	Trin. Oxf.						Trinity College, Oxford	Oxford
335	L.Inn						Lincoln's Inn	London
338	Westminster						Westminster School	Westminster, London
342	Sorbonne			DD			Collège de Sorbonne, Paris	Sorbonne
347	Westminster						Westminster School	Westminster, London
347	Harrow						Harrow School	London
347	Trin. Camb.	1783					Trinity College, Cambridge	Cambridge
362	Ch.Ch. Oxf.	1706					Church Christ College, Oxford	Oxford
367	Eton						Eton College School	Eton
368	Leiden U.						Leiden University	Leiden
370	Trin. Camb.						Trinity College, Cambridge	Cambridge
370				LLD	1724			
370	Trin. Camb.			MA	1715		Trinity College, Cambridge	Cambridge
375				DD	1776			
378				DD	1721			
380	Eton						Eton College School	Eton
380	Ch.Ch. Oxf.	1713					Church Christ College, Oxford	Oxford
381	Westminster						Westminster School	Westminster, London
389				BA	1702			
390	Ch.Ch. Oxf.	1785					Church Christ College, Oxford	Oxford
396	Magd. Oxf.	1734					Magdalene College, Oxford	Oxford
397	Westminster						Westminster School	Westminster, London
398	Corpus Oxf.	1707					Corpus Christi College, Oxford	Oxford
403	Jesus Camb.	1789					Jesus College, Cambridge	Cambridge
411	Ch.Ch. Oxf.	1757					Church Christ College, Oxford	Oxford
415	Peterhouse Camb.						Peterhouse College, Cambridge	Cambridge
423	Flanders	1678						Flanders
423	Rome	1689						Rome
434				DCL	1810			
447	Edinburgh U.			MD	1768		Edinburgh University	Edinburgh
448	Trin. Camb.	1769					Trinity College, Cambridge	Cambridge
458	Queens' Camb.	1751					Queen's College, Cambridge	Cambridge
458				MD	1761			
463	New Coll. Oxf.	1737					New College, Oxford	Oxford
465	Westminster						Westminster School	Westminster, London
465	Merton Oxf.	1735					Merton College, Oxford	Oxford
468	Emmanuel Camb.	1759					Emmanuel College, Cambridge	Cambridge
468	G.Inn	1762					Gray's Inn	London
475	St Omer College						St Omer College School	St Omer
475	Douai						Douai College	Douai
478	Emmanuel Camb.	1752					Emmanuel College, Cambridge	Cambridge
480	Eton						Eton College School	Eton
487	Eton						Eton College School	Eton
487	Clare Camb.	1728					Clare College, Cambridge	Cambridge
487	Trin. Camb.	1729					Trinity College, Cambridge	Cambridge
487	I.Temple	1727					Inner Temple	London
490	St John's Camb.	1761					St John's College, Cambridge	Cambridge
495	Ch.Ch. Oxf.	1789					Church Christ College, Oxford	Oxford
498	Leiden U.	1737					Leiden University	Leiden
498	Westminster						Westminster School	Westminster, London
498	Trin. Camb.	1726					Trinity College, Cambridge	Cambridge
506	St John's Camb.	1735					St John's College, Cambridge	Cambridge
506	I.Temple	1737					Inner Temple	London
509	Edinburgh U.	1754					Edinburgh University	Edinburgh
509	Glasgow U.	1759					Glasgow University	Glasgow
512	Balliol Oxf.	1725					Balliol College, Oxford	Oxford
512	All Souls Oxf.			BA	1732		All Souls College, Oxford	Oxford
520	Eton						Eton College School	Eton
520	Ch.Ch. Oxf.	1757					Church Christ College, Oxford	Oxford
521	New Coll. Oxf.	1737					New College, Oxford	Oxford
524	St Andrews U.						St Andrews University	St Andrews
524	Edinburgh			MD	1776			Edinburgh
526	Ch.Ch. Oxf.	1771					Church Christ College, Oxford	Oxford
526	Harvard			MA	1771		Harvard University	Harvard
529	St John's Camb.	1686					St John's College, Cambridge	Cambridge
529	M.Temple	1686					Middle Temple	London
531	Trin. Camb.	1707					Trinity College, Cambridge	Cambridge
536	Ch.Ch. Oxf.	1736	1737				Church Christ College, Oxford	Oxford
541	Westminster						Westminster School	Westminster, London
543	Westminster						Westminster School	Westminster, London
547	St John's Camb.	1782					St John's College, Cambridge	Cambridge
547	L.Inn	1782					Lincoln's Inn	London
547	G.Inn	1790					Gray's Inn	London
553	Eton						Eton College School	Eton
553	Queens' Camb.	1735					Queen's College, Cambridge	Cambridge
554	Glasgow U.	1738					Glasgow University	Glasgow
554	I.Temple	1735					Inner Temple	London
554	Harvard			LLD	1787		Harvard University	Harvard
555	Westminster						Westminster School	Westminster, London
555	Trin. Camb.	1765					Trinity College, Cambridge	Cambridge
556	Christ's Camb.	1767					Christ's College, Cambridge	Cambridge
557	L.Inn	1795					Lincoln's Inn	London
559	St John's Camb.	1786					St John's College, Cambridge	Cambridge
562	Winchester						Winchester College School	Winchester
568	Westminster						Westminster School	Westminster, London
568	Trin. Camb.	1697					Trinity College, Cambridge	Cambridge
570	Corpus Oxf.			DD	1735		Corpus Christi College, Oxford	Oxford
573	Eton						Eton College School	Eton
573	Trin. Camb.	1752					Trinity College, Cambridge	Cambridge
574	Ch.Ch. Oxf.	1725					Church Christ College, Oxford	Oxford
587	Corpus Camb.	1747					Corpus Christi College, Cambridge	Cambridge
587	L.Inn	1747					Lincoln's Inn	London
598	Clare Camb.	1718					Clare College, Cambridge	Cambridge
598	I.Temple	1721					Inner Temple	London
600	St John's Camb.	1773					St John's College, Cambridge	Cambridge
600	M.Temple	1773					Middle Temple	London
601	Eton						Eton College School	Eton
601	Clare Camb.	1755					Clare College, Cambridge	Cambridge
604	Westminster						Westminster School	Westminster, London
604	Ch.Ch. Oxf.	1717					Church Christ College, Oxford	Oxford
605	Ch.Ch. Oxf.	1780					Church Christ College, Oxford	Oxford
607						Benjamin Wilson		
607						Mengs		
610	Winchester						Winchester College School	Winchester
611	Magd. Oxf.	1777					Magdalene College, Oxford	Oxford
613	Magd. Oxf.	1788					Magdalene College, Oxford	Oxford
626	Trin. Camb.	1708					Trinity College, Cambridge	Cambridge
630	Trustees' Academy					William Delacour	Trustees Drawing Academy	Edinburgh
630	Trustees' Academy					Charles Pavillon	Trustees Drawing Academy	Edinburgh
632	Eton						Eton College School	Eton
632	Trin. Oxf.	1766					Trinity College, Oxford	Oxford
632	L.Inn	1766					Lincoln's Inn	London
643	Westminster						Westminster School	Westminster, London
643	Hertford Oxf.	1763					Hertford College, Oxford	Oxford
652	St Thomas's	1709					St Thomas's Hospital Medical School	London
652	Trin. Camb.	1704					Trinity College, Cambridge	Cambridge
652	Ch.Ch. Oxf.	1705					Church Christ College, Oxford	Oxford
652	Univ. Coll. Oxf						University College, Oxford	Oxford
652	Univ. Coll. Oxf			MD	1723		University College, Oxford	Oxford
654	Leiden U.						Leiden University	Leiden
656	Harrow						Harrow School	London
659	Winchester						Winchester College School	Winchester
664	Eton						Eton College School	Eton
666	Oriel Oxf.	1794					Oriel College, Oxford	Oxford
673	Eton						Eton College School	Eton
679	Queen's Oxf.	1732					Queen's College, Oxford	Oxford
685	Eton						Eton College School	Eton
687	Westminster						Westminster School	Westminster, London
688	Westminster						Westminster School	Westminster, London
688	Jesus Oxf.	1769					Jesus College, Oxford	Oxford
689	Magd. Oxf.	1783					Magdalene College, Oxford	Oxford
693	St Catharine's Hall Camb.	1768					St Catharine's College, Cambridge	Cambridge
694	Westminster						Westminster School	Westminster, London
694	St Catharine's Hall Camb.	1757					St Catharine's College, Cambridge	Cambridge
695			1788			James Wyatt		
698	Westminster						Westminster School	Westminster, London
698	Ch.Ch. Oxf.	1785					Church Christ College, Oxford	Oxford
699	Univ. Coll. Oxf.	1773					University College, Oxford	Oxford
700	Eton						Eton College School	Eton
700	New Coll. Oxf.	1714					New College, Oxford	Oxford
703	Westminster						Westminster School	Westminster, London
703	Edinburgh U.	1765					Edinburgh University	Edinburgh
703	Univ. Coll. Oxf.	1770					University College, Oxford	Oxford
703	L.Inn	1769					Lincoln's Inn	London
705	Westminster						Westminster School	Westminster, London
710	Queens' Camb.						Queen's College, Cambridge	Cambridge
710	Queens' Camb.			BA	1754		Queen's College, Cambridge	Cambridge
710	Queens' Camb.			MA	1757		Queen's College, Cambridge	Cambridge
712	Merton Oxf.						Merton College, Oxford	Oxford
712	Leiden U.	1706					Leiden University	Leiden
712	M.Temple	1709					Middle Temple	London
713	Oxf.			Mus.D.	1769			Oxford
725	Eton						Eton College School	Eton
727	Douai	1719					Douai College	Douai
728	Trin. Dublin			LLD	1754		Trinity College Dublin	Dublin
740	Westminster						Westminster School	Westminster, London
740	Pembroke Camb.	1738					Pembroke College, Cambridge	Cambridge
740	L.Inn	1740					Lincoln's Inn	London
740	G.Inn	1747					Gray's Inn	London
743	Westminster						Westminster School	Westminster, London
743	Trin. Camb.	1757					Trinity College, Cambridge	Cambridge
747	France							France
750	St John's Camb.						St John's College, Cambridge	Cambridge
750	St John's Camb.			BA	1763		St John's College, Cambridge	Cambridge
761	Dundalk							Dundalk
761	Trin. Dublin	1737					Trinity College Dublin	Dublin
765	Christ's Camb.	1717					Christ's College, Cambridge	Cambridge
766	Ch.Ch. Oxf.	1716					Church Christ College, Oxford	Oxford
767	Emmanuel Camb.	1722					Emmanuel College, Cambridge	Cambridge
770		1763	1766			Isaac Ware		
782	Eton						Eton College School	Eton
782	Clare Camb.	1772					Clare College, Cambridge	Cambridge
801	Eton						Eton College School	Eton
801	King's Camb.	1764					King's College, Cambridge	Cambridge
803	Eton						Eton College School	Eton
803	Trin. Camb.	1711					Trinity College, Cambridge	Cambridge
805	Christ's Camb.						Christ's College, Cambridge	Cambridge
805	Queens' Camb.						Queen's College, Cambridge	Cambridge
805	Queens' Camb.			BA	1779		Queen's College, Cambridge	Cambridge
805				BD	1793			
806	Westminster						Westminster School	Westminster, London
806	Ch.Ch. Oxf.	1767					Church Christ College, Oxford	Oxford
811	Eton						Eton College School	Eton
811	St Andrews U.						St Andrews University	St Andrews
811	Ch.Ch. Oxf.	1771					Church Christ College, Oxford	Oxford
819	Ch.Ch. Oxf.	1781					Church Christ College, Oxford	Oxford
825	St Omer College	1755					St Omer College School	St Omer
848	Trin. Oxf.	1734					Trinity College, Oxford	Oxford
848				DCL	1754			
857	Eton						Eton College School	Eton
859	St John's Camb.	1746					St John's College, Cambridge	Cambridge
860	Trin. Camb.	1770					Trinity College, Cambridge	Cambridge
863	Trin. Camb.	1768					Trinity College, Cambridge	Cambridge
865	Trin. Camb.	1751					Trinity College, Cambridge	Cambridge
867	Ch.Ch. Oxf.	1712					Church Christ College, Oxford	Oxford
867	Camb.			DD	1728			Cambridge
875	Trin. Oxf.	1717					Trinity College, Oxford	Oxford
880	King's Camb.						King's College, Cambridge	Cambridge
880	King's Camb.			MA	1764		King's College, Cambridge	Cambridge
881		1749				J.F. Blondel		
889	Magd. Oxf.	1757					Magdalene College, Oxford	Oxford
895	Trin. Camb.						Trinity College, Cambridge	Cambridge
895	Trin. Camb.			BA	1766		Trinity College, Cambridge	Cambridge
920	Westminster						Westminster School	Westminster, London
920	Ch.Ch. Oxf.	1703					Church Christ College, Oxford	Oxford
922	Eton						Eton College School	Eton
934	Westminster						Westminster School	Westminster, London
934	Geneva							Geneva
947	Eton						Eton College School	Eton
947	Ch.Ch. Oxf.	1770					Church Christ College, Oxford	Oxford
960	Jesus Camb.	1786					Jesus College, Cambridge	Cambridge
960				LLD	1803			
963	Trin. Hall Camb.	1758					Trinity Hall College, Cambridge	Cambridge
969	Univ. Coll. Oxf.						University College, Oxford	Oxford
972	Pembroke Oxf.	1721					Pembroke College, Oxford	Oxford
976	Magd. Oxf.						Magdalene College, Oxford	Oxford
976	Magd. Oxf.			BA	1761		Magdalene College, Oxford	Oxford
982	Antwerp	1725	1727					Antwerp
982	St Andrews			MD	1729		St Andrews University	St Andrews
1004	Ch.Ch. Oxf.	1783					Church Christ College, Oxford	Oxford
1004	All Souls Oxf.			BCL	1791		All Souls College, Oxford	Oxford
1005	Eton						Eton College School	Eton
1005	Ch.Ch. Oxf.	1771					Church Christ College, Oxford	Oxford
1006	Merchant Taylors'						Merchant Taylors' School	London
1012	Foulis Academy	1754					Foulis Academy of Fine Arts	Glasgow
1022	Westminster						Westminster School	Westminster, London
1022	Univ. Coll. Oxf.	1736					University College, Oxford	Oxford
1026	France	1718						France
1027	Westminster						Westminster School	Westminster, London
1027	Ch.Ch. Oxf.	1735					Church Christ College, Oxford	Oxford
1029	Ch.Ch. Oxf.	1732					Church Christ College, Oxford	Oxford
1032	Turin Acad.						Turin Military Academy	Turin
1033	Eton						Eton College School	Eton
1034	Trin. Camb.	1683					Trinity College, Cambridge	Cambridge
1034				DD	1706			
1044	Corpus Oxf.	1712					Corpus Christi College, Oxford	Oxford
1045	Queen's Oxf.	1761					Queen's College, Oxford	Oxford
1057	RA Schools	1776					Royal Academy Schools	London
1063	Trin. Hall Camb.	1773					Trinity Hall College, Cambridge	Cambridge
1063	M.Temple	1776					Middle Temple	London
1064	Corpus Camb.	1706					Corpus Christi College, Cambridge	Cambridge
1070	Eton						Eton College School	Eton
1070	Ch.Ch. Oxf.	1714					Church Christ College, Oxford	Oxford
1073	Eton						Eton College School	Eton
1074	Eton						Eton College School	Eton
1080	Westminster						Westminster School	Westminster, London
1090	Trin. Oxf.	1775					Trinity College, Oxford	Oxford
1090	All Souls			MA	1782		All Souls College, Oxford	Oxford
1091	Eton						Eton College School	Eton
1093	Harrow						Harrow School	London
1093	Eton						Eton College School	Eton
1094	Eton						Eton College School	Eton
1095	Univ. Coll. Oxf.	1735					University College, Oxford	Oxford
1102	Clare Camb.	1714					Clare College, Cambridge	Cambridge
1102	Leiden U.	1720					Leiden University	Leiden
1102				MB	1720			
1103	Clare Camb.	1703					Clare College, Cambridge	Cambridge
1113	Paris							Paris
1124	Harrow						Harrow School	London
1130	Pembroke Oxf.	1770					Pembroke College, Oxford	Oxford
1131	New Coll. Oxf.	1713					New College, Oxford	Oxford
1132	Westminster						Westminster School	Westminster, London
1134	Ch.Ch. Oxf.	1723					Church Christ College, Oxford	Oxford
1134	Univ. Coll. Oxf.						University College, Oxford	Oxford
1134	Univ. Coll. Oxf.			MA	1743		University College, Oxford	Oxford
1135	Ch.Ch. Oxf.	1707					Church Christ College, Oxford	Oxford
1136	Ch.Ch. Oxf.	1725					Church Christ College, Oxford	Oxford
1136	Ch.Ch. Oxf.			DCL	1728		Church Christ College, Oxford	Oxford
1144	Eton						Eton College School	Eton
1144	Magd. Oxf.	1767					Magdalene College, Oxford	Oxford
1144	M.Temple	1770					Middle Temple	London
1151	Westminster						Westminster School	Westminster, London
1151	Emmanuel Camb.	1736					Emmanuel College, Cambridge	Cambridge
1152	Shrewsbury						Shrewsbury School	Shrewsbury
1152	Westminster						Westminster School	Westminster, London
1152	Trin. Hall Camb.	1756					Trinity Hall College, Cambridge	Cambridge
1154	Eton	1725	1728				Eton College School	Eton
1167	Exeter Oxf.	1725					Exeter College, Oxford	Oxford
1170	King's Camb.	1764					King's College, Cambridge	Cambridge
1172	London							London
1174	Univ. Coll. Oxf.	1767					University College, Oxford	Oxford
1174	Oxf.			DCL	1814			Oxford
1179	G.Inn	1753					Gray's Inn	London
1181	Eton						Eton College School	Eton
1182	Eton						Eton College School	Eton
1182	Glasgow U.	1757					Glasgow University	Glasgow
1185	Rugby							Rugby
1185	St John's Camb.	1716					St John's College, Cambridge	Cambridge
1185	Oxf.			DCL	1722			Oxford
1186	Eton						Eton College School	Eton
1187	Glasgow U.						Glasgow University	Glasgow
1187	Vaudeuil, Paris	1721					Vaudeuil Military Academy	Paris
1191	Eton						Eton College School	Eton
1191	Univ. Coll. Oxf.	1720					University College, Oxford	Oxford
1192		1750				John van Nost		
1207	Westminster						Westminster School	Westminster, London
1207	Ch.Ch. Oxf.	1760					Church Christ College, Oxford	Oxford
1212						Robert West		
1212						Robert Hunter		
1212						Philip Hussey		
1212	Dublin Society Schools of Drawing						Dublin Society Schools of Drawing	Dublin
1215	Westminster Abbey choir						Westminster Abbey Choir School	Westminster, London
1217	Westminster						Westminster School	Westminster, London
1217	Ch.Ch. Oxf.	1717					Church Christ College, Oxford	Oxford
1219	Queen's Oxf.	1707					Queen's College, Oxford	Oxford
1223	Westminster						Westminster School	Westminster, London
1223	Trin. Camb.	1757					Trinity College, Cambridge	Cambridge
1223	I.Temple	1755					Inner Temple	London
1233	St Catharine's Camb.	1773					St Catharine's College, Cambridge	Cambridge
1233	Christ's Camb.	1773					Christ's College, Cambridge	Cambridge
1234	RA Schools	1772					Royal Academy Schools	London
1240	Leiden U.						Leiden University	Leiden
1245	Edinburgh U.						Edinburgh University	Edinburgh
1245	Leiden U.	1725					Leiden University	Leiden
1245	St Andrews U.	1727					St Andrews University	St Andrews
1245				MD	1725			
1248	Ch.Ch. Oxf.	1766					Church Christ College, Oxford	Oxford
1263	Eton						Eton College School	Eton
1266	Trin. Oxf.						Trinity College, Oxford	Oxford
1266	Trin. Oxf.			BA	1782		Trinity College, Oxford	Oxford
1269	Leiden U.	1731					Leiden University	Leiden
1270	Queen's Oxf.	1708					Queen's College, Oxford	Oxford
1271	Edinburgh U.						Edinburgh University	Edinburgh
1271	Leiden U.						Leiden University	Leiden
1272	Eton						Eton College School	Eton
1272	Edinburgh U.						Edinburgh University	Edinburgh
1281	Eton						Eton College School	Eton
1281	Trin. Camb.	1763					Trinity College, Cambridge	Cambridge
1282	Eton						Eton College School	Eton
1282	Trin. Camb.	1762					Trinity College, Cambridge	Cambridge
1284	Eton						Eton College School	Eton
1284	Trin. Camb.	1766					Trinity College, Cambridge	Cambridge
1285	King's Camb.	1732					King's College, Cambridge	Cambridge
1285				DD	1755			
1286	Christ's Camb.	1770					Christ's College, Cambridge	Cambridge
1288						Hayman		
1295	Clare Camb.	1722					Clare College, Cambridge	Cambridge
1296	M.Temple	1707					Middle Temple	London
1299	Eton						Eton College School	Eton
1299	Ch.Ch. Oxf.						Church Christ College, Oxford	Oxford
1300	Trin. Oxf.	1749					Trinity College, Oxford	Oxford
1302	Eton						Eton College School	Eton
1304	Magd. Oxf.	1698					Magdalene College, Oxford	Oxford
1304	I.Temple	1697					Inner Temple	London
1304	L.Inn	1702					Lincoln's Inn	London
1304	G.Inn	1709					Gray's Inn	London
1305	BNC Oxf.	1763					Brasenose College, Oxford	Oxford
1306	Abingdon GS						Abingdon Grammar School	Abingdon, Oxfordshire
1307	Oriel Oxf.	1735					Oriel College, Oxford	Oxford
1308	Univ. Coll. Oxf.	1765					University College, Oxford	Oxford
1312	Balliol Oxf.	1696					Balliol College, Oxford	Oxford
1316	Trin. Camb.	1752					Trinity College, Cambridge	Cambridge
1332	St John's Oxf.	1739					St John's College, Oxford	Oxford
1332				DCL	1749			
1333	Ch.Ch. Oxf.	1779					Church Christ College, Oxford	Oxford
1334	Magd. Oxf.	1713					Magdalene College, Oxford	Oxford
1336	Ch.Ch. Oxf.	1703					Church Christ College, Oxford	Oxford
1337	Eton						Eton College School	Eton
1337	Ch.Ch. Oxf.	1745					Church Christ College, Oxford	Oxford
1339	Eton						Eton College School	Eton
1339	Trin. Camb.	1763					Trinity College, Cambridge	Cambridge
1342						Humphry		
1347	London	1776				Thomas Carter		London
1347	RA Schools	1777					Royal Academy Schools	London
1352	St John's Camb.	1697					St John's College, Cambridge	Cambridge
1353	Eton						Eton College School	Eton
1353	Trin. Hall Camb.	1766					Trinity Hall College, Cambridge	Cambridge
1353	M.Temple	1764					Middle Temple	London
1354	Dublin Society Schools of Drawing					Robert West	Dublin Society Schools of Drawing	Dublin
1364	Oriel Oxf.	1726					Oriel College, Oxford	Oxford
1366	King's Canterbury							Canterbury
1366	Westminster						Westminster School	Westminster, London
1366	St John's Camb.	1751					St John's College, Cambridge	Cambridge
1370	Ch.Ch. Oxf.	1752					Church Christ College, Oxford	Oxford
1370	I.Temple	1756					Inner Temple	London
1372	RA Schools	1786					Royal Academy Schools	London
1374	Ch.Ch. Oxf.	1739					Church Christ College, Oxford	Oxford
1386	Westminster						Westminster School	Westminster, London
1386	Trin. Hall Camb.	1767					Trinity Hall College, Cambridge	Cambridge
1389	Westminster						Westminster School	Westminster, London
1389	Magd. Oxf.	1747					Magdalene College, Oxford	Oxford
1390	Ch.Ch. Oxf.	1790					Church Christ College, Oxford	Oxford
1391	Magd. Oxf.	1703					Magdalene College, Oxford	Oxford
1418	St John's Oxf.	1704					St John's College, Oxford	Oxford
1421	Winchester						Winchester College School	Winchester
1421	Exeter Oxf.	1707					Exeter College, Oxford	Oxford
1421	L.Inn	1711					Lincoln's Inn	London
1440	Westminster						Westminster School	Westminster, London
1441	Westminster						Westminster School	Westminster, London
1445	Eton						Eton College School	Eton
1447	King's Camb.						King's College, Cambridge	Cambridge
1447	King's Camb.			MA	1722		King's College, Cambridge	Cambridge
1449	Aberdeen U.						Aberdeen University	Aberdeen
1449	Leiden U.	1766					Leiden University	Leiden
1449	L.Inn	1771					Lincoln's Inn	London
1457	Leiden U.						Leiden University	Leiden
1457	Westminster						Westminster School	Westminster, London
1457	Ch.Ch. Oxf.	1737					Church Christ College, Oxford	Oxford
1460	Eton						Eton College School	Eton
1465						Benjamin West		
1465	RA Schools	1769					Royal Academy Schools	London
1468	Lincoln Oxf.	1739					Lincoln College, Oxford	Oxford
1468				DD	1773			
1471	St John's Oxf.	1706					St John's College, Oxford	Oxford
1473	Westminster						Westminster School	Westminster, London
1473	BNC Oxf.	1739					Brasenose College, Oxford	Oxford
1473				DCL	1749			
1474	Ch.Ch. Oxf.	1741					Church Christ College, Oxford	Oxford
1475	Westminster						Westminster School	Westminster, London
1475	BNC Oxf.	1765					Brasenose College, Oxford	Oxford
1481	Leiden U.	1698	1700				Leiden University	Leiden
1488	Douai						Douai College	Douai
1490	Douai	1692					Douai College	Douai
1491	St Andrews U.	1784					St Andrews University	St Andrews
1494	Ch.Ch. Oxf.	1685					Church Christ College, Oxford	Oxford
1495	Saumur						Saumur	Saumur
1498	Caius Camb.	1727					Gonville and Caius College, Cambridge	Cambridge
1506	St John's Oxf.	1739					St John's College, Oxford	Oxford
1506				DD	1757			
1508	St Andrews			MD	1751		St Andrews University	St Andrews
1509	Ch.Ch. Oxf.	1774					Church Christ College, Oxford	Oxford
1509				DCL	1779			
1513	Westminster						Westminster School	Westminster, London
1513	Ch.Ch. Oxf.	1742					Church Christ College, Oxford	Oxford
1515	Harrow						Harrow School	London
1515	Trin. Camb.	1784					Trinity College, Cambridge	Cambridge
1516	Eton						Eton College School	Eton
1516	St Andrews U.	1756					St Andrews University	St Andrews
1522	M.Temple	1752					Middle Temple	London
1527	Trin. Oxf.	1807					Trinity College, Oxford	Oxford
1531	Pembroke Oxf.	1784					Pembroke College, Oxford	Oxford
1532						Casali		
1532						West		
1532	RA Schools	1769					Royal Academy Schools	London
1535						Joshua Reynolds		
1535	RA Schools	1769					Royal Academy Schools	London
1539		1716	1720			his father		
1539	London	1720				Jn. Richardson		London
1555	Ch.Ch. Oxf.	1766					Church Christ College, Oxford	Oxford
1556	Ch.Ch. Oxf.	1783					Church Christ College, Oxford	Oxford
1556	M.Temple	1787					Middle Temple	London
1557	Eton						Eton College School	Eton
1557	Ch.Ch. Oxf.	1770					Church Christ College, Oxford	Oxford
1561	Harrow						Harrow School	London
1561	Ch.Ch. Oxf.	1781					Church Christ College, Oxford	Oxford
1563	St Martin's Lane Academy						St Martin's Lane Academy	London
1563	RA Schools	1769					Royal Academy Schools	London
1578	Eton						Eton College School	Eton
1578	Ch.Ch. Oxf.	1773					Church Christ College, Oxford	Oxford
1581	Winchester						Winchester College School	Winchester
1584	Angers	1739	1740					Angers
1585	St Andrews U.						St Andrews University	St Andrews
1586	Rugby							Rugby
1587	Harrow						Harrow School	London
1587	Westminster						Westminster School	Westminster, London
1587	St Andrews U.						St Andrews University	St Andrews
1587	Paris U.						Paris University	Paris
1591	Fontainebleau mil. acad.						Fontainebleau Military Academy	Fontainebleau
1591	Edinburgh U.						Edinburgh University	Edinburgh
1591	Ch.Ch. Oxf.	1768					Church Christ College, Oxford	Oxford
1591	L.Inn	1769					Lincoln's Inn	London
1600	Westminster						Westminster School	Westminster, London
1600	Ch.Ch. Oxf.	1732					Church Christ College, Oxford	Oxford
1601	Ch.Ch. Oxf.	1665					Church Christ College, Oxford	Oxford
1601	Camb.			MA	1671			Cambridge
1603	Clare Camb.	1752					Clare College, Cambridge	Cambridge
1608	Trin. Dublin			MA	1695		Trinity College Dublin	Dublin
1608	Trin. Dublin			LLD	1708		Trinity College Dublin	Dublin
1616	Dublin Society Schools of Drawing					Robert West	Dublin Society Schools of Drawing	Dublin
1627	L.Inn	1728					Lincoln's Inn	London
1633	St John's Oxf.	1766					St John's College, Oxford	Oxford
1636	Eton						Eton College School	Eton
1643	Eton						Eton College School	Eton
1643	St John's Camb.	1723					St John's College, Cambridge	Cambridge
1644	Winchester						Winchester College School	Winchester
1644	St John's Camb.	1744					St John's College, Cambridge	Cambridge
1645						Francis Bindon		
1645	Paris							Paris
1645	Amsterdam							Amsterdam
1647	Corpus Camb.	1727					Corpus Christi College, Cambridge	Cambridge
1652	RA Schools	1781					Royal Academy Schools	London
1660	St John's Camb.	1740					St John's College, Cambridge	Cambridge
1683	Ch.Ch. Oxf.	1716					Church Christ College, Oxford	Oxford
1683	L.Inn	1714					Lincoln's Inn	London
1684	Emmanuel Camb.	1759					Emmanuel College, Cambridge	Cambridge
1684	G.Inn	1762					Gray's Inn	London
1692	Edinburgh U.			MA	1773		Edinburgh University	Edinburgh
1694	La Flèche.							La Flèche
1704	Eton						Eton College School	Eton
1704	Univ. Coll. Oxf.	1772					University College, Oxford	Oxford
1713	Westminster						Westminster School	Westminster, London
1713	Ch.Ch. Oxf.	1704					Church Christ College, Oxford	Oxford
1715	Westminster						Westminster School	Westminster, London
1715	Trin. Camb.	1773					Trinity College, Cambridge	Cambridge
1718	Ch.Ch. Oxf.	1769					Church Christ College, Oxford	Oxford
1729	Peterhouse Camb.						Peterhouse College, Cambridge	Cambridge
1729				DD	1789			
1736	St John's Camb.	1770					St John's College, Cambridge	Cambridge
1738	St John's Camb.	1765					St John's College, Cambridge	Cambridge
1738	L.Inn	1773					Lincoln's Inn	London
1742	Eton						Eton College School	Eton
1745	Charterhouse						Charterhouse School	Godalming
1745	Trin. Hall Camb.	1761					Trinity Hall College, Cambridge	Cambridge
1746	Eton						Eton College School	Eton
1747	Eton						Eton College School	Eton
1747	King's Camb.						King's College, Cambridge	Cambridge
1748	Clare Camb.	1729					Clare College, Cambridge	Cambridge
1750	RA Schools	1770					Royal Academy Schools	London
1758	Ch.Ch. Oxf.	1720					Church Christ College, Oxford	Oxford
1760	Clare Camb.	1707					Clare College, Cambridge	Cambridge
1782	Dublin					Michael Mitchell		Dublin
1792	Dublin Society Schools of Drawing	1747				Robert West	Dublin Society Schools of Drawing	Dublin
1814	Ch.Ch. Oxf.	1693					Church Christ College, Oxford	Oxford
1816	Eton						Eton College School	Eton
1816	Hertford Oxf.	1764					Hertford College, Oxford	Oxford
1816	L.Inn	1764					Lincoln's Inn	London
1818	Ch.Ch. Oxf.	1717					Church Christ College, Oxford	Oxford
1819	Eton						Eton College School	Eton
1819	Ch.Ch. Oxf.	1721					Church Christ College, Oxford	Oxford
1820	Eton						Eton College School	Eton
1824	Dublin Society Schools of Drawing	1765					Dublin Society Schools of Drawing	Dublin
1828	St Paul's						St Paul's School	London
1831	Jesus Camb.	1711					Jesus College, Cambridge	Cambridge
1831	M.Temple	1711					Middle Temple	London
1833	Jesus Camb.	1700					Jesus College, Cambridge	Cambridge
1837	RA Schools	1786					Royal Academy Schools	London
1839	Westminster						Westminster School	Westminster, London
1839	New Coll. Oxf.	1725					New College, Oxford	Oxford
1839	M.Temple	1728					Middle Temple	London
1841	Westminster						Westminster School	Westminster, London
1841	New Coll. Oxf.	1725					New College, Oxford	Oxford
1841	M.Temple	1729					Middle Temple	London
1842	Univ. Coll. Oxf.	1722					University College, Oxford	Oxford
1842	G.Inn	1728					Gray's Inn	London
1844	RA Schools	1782					Royal Academy Schools	London
1844		1782	1785			Philip Reinagle		
1845	Magd. Oxf.	1719					Magdalene College, Oxford	Oxford
1847	Univ. Coll. Oxf.	1739					University College, Oxford	Oxford
1848	Magd. Oxf.	1773					Magdalene College, Oxford	Oxford
1849	Magd. Oxf.	1719					Magdalene College, Oxford	Oxford
1849				DCL	1747			
1851	Westminster						Westminster School	Westminster, London
1851	Ch.Ch. Oxf.	1694					Church Christ College, Oxford	Oxford
1851				MD	1707			
1866	Edinburgh U.	1768					Edinburgh University	Edinburgh
1866	L.Inn	1774					Lincoln's Inn	London
1867	Caius Camb.	1695					Gonville and Caius College, Cambridge	Cambridge
1869	Exeter Oxf.	1734					Exeter College, Oxford	Oxford
1872	Eton						Eton College School	Eton
1876	Westminster						Westminster School	Westminster, London
1891		1786				James Wyatt		
1893	Edinburgh U.						Edinburgh University	Edinburgh
1896	Eton						Eton College School	Eton
1896	St John's Camb.	1762					St John's College, Cambridge	Cambridge
1897	Eton						Eton College School	Eton
1897	St Catharine's Camb.	1742					St Catharine's College, Cambridge	Cambridge
1906	Glasgow U.						Glasgow University	Glasgow
1909	L.Inn	1737					Lincoln's Inn	London
1911	Westminster						Westminster School	Westminster, London
1911	Ch.Ch. Oxf.	1782					Church Christ College, Oxford	Oxford
1912						Robert Carver		
1926	Pembroke Camb.	1741					Pembroke College, Cambridge	Cambridge
1933	M.Temple	1755					Middle Temple	London
1934	St Alban Hall Oxf.	1696					St Alban Hall, Oxford	Oxford
1935	Westminster						Westminster School	Westminster, London
1935	Magd. Oxf.	1752	1753				Magdalene College, Oxford	Oxford
1944	Italy							Italy
1946	Eton						Eton College School	Eton
1946	Ch.Ch. Oxf.	1763					Church Christ College, Oxford	Oxford
1946	L.Inn	1762					Lincoln's Inn	London
1952	Exeter Oxf.	1779					Exeter College, Oxford	Oxford
1958	Glasgow U.						Glasgow University	Glasgow
1966	Eton						Eton College School	Eton
1982	Eton						Eton College School	Eton
1982	Queen's Oxf.	1723					Queen's College, Oxford	Oxford
1985	New Coll. Oxf.	1729					New College, Oxford	Oxford
1985				BCL	1736			
1985				DCL	1758			
2002	Aberdeen U.						Aberdeen University	Aberdeen
2003	Eton						Eton College School	Eton
2005	Ratisbon							Ratisbon
2014	Aberdeen U.						Aberdeen University	Aberdeen
2017	Glasgow U.	1748					Glasgow University	Glasgow
2018	Harrow						Harrow School	London
2018	Eton						Eton College School	Eton
2023	Ch.Ch. Oxf.	1729					Church Christ College, Oxford	Oxford
2032						John Riley		
2033	Trin. Oxf.	1775					Trinity College, Oxford	Oxford
2037	Westminster						Westminster School	Westminster, London
2037	Ch.Ch. Oxf.	1775					Church Christ College, Oxford	Oxford
2038	Queen's Oxf.	1735					Queen's College, Oxford	Oxford
2042	Westminster						Westminster School	Westminster, London
2042	Peterhouse Camb.	1751					Peterhouse College, Cambridge	Cambridge
2045	Magd. Oxf.	1778					Magdalene College, Oxford	Oxford
2046	Eton						Eton College School	Eton
2046	Trin. Camb.	1773					Trinity College, Cambridge	Cambridge
2051	Ch.Ch. Oxf.	1766					Church Christ College, Oxford	Oxford
2056	Eton						Eton College School	Eton
2056	Trin. Camb.	1738					Trinity College, Cambridge	Cambridge
2057	Eton						Eton College School	Eton
2061	Westminster						Westminster School	Westminster, London
2061	Christ's Camb.	1756					Christ's College, Cambridge	Cambridge
2073	Balliol Oxf.	1741					Balliol College, Oxford	Oxford
2073	M.Temple	1739					Middle Temple	London
2077	Eton						Eton College School	Eton
2079	Clare Camb.	1727					Clare College, Cambridge	Cambridge
2082	St Mary Hall Oxf.						St Mary's Hall College, Oxford	Oxford
2082	St Mary Hall Oxf.			BA	1784		St Mary's Hall College, Oxford	Oxford
2082				DD	1802			
2083	Peterhouse Camb.	1734					Peterhouse College, Cambridge	Cambridge
2085	Gottingen U.	1775					Göttingen University	Göttingen
2086						Benjamin Cooke		
2103	Eton						Eton College School	Eton
2103	Ch.Ch. Oxf.	1770					Church Christ College, Oxford	Oxford
2104	Eton						Eton College School	Eton
2105	Eton						Eton College School	Eton
2106	Eton						Eton College School	Eton
2106	Ch.Ch. Oxf.	1776					Church Christ College, Oxford	Oxford
2106	L.Inn	1780					Lincoln's Inn	London
2110	Edinburgh U.	1764					Edinburgh University	Edinburgh
2111	Oxf.			DCL	1793			Oxford
2112	Winchester						Winchester College School	Winchester
2112	BNC Oxf.	1734					Brasenose College, Oxford	Oxford
2113	Eton						Eton College School	Eton
2113	Edinburgh U.						Edinburgh University	Edinburgh
2113	Ch.Ch. Oxf.	1764					Church Christ College, Oxford	Oxford
2115	Eton						Eton College School	Eton
2115	Trin. Camb.	1781					Trinity College, Cambridge	Cambridge
2115	M.Temple	1783					Middle Temple	London
2116	Queens' Camb.	1755					Queen's College, Cambridge	Cambridge
2117	Winchester						Winchester College School	Winchester
2117	Trin. Camb.	1784					Trinity College, Cambridge	Cambridge
2118	Trin. Camb.	1765					Trinity College, Cambridge	Cambridge
2118	I.Temple	1766					Inner Temple	London
2121	Westminster						Westminster School	Westminster, London
2121	Ch.Ch. Oxf.	1767					Church Christ College, Oxford	Oxford
2127	RA Schools	1769					Royal Academy Schools	London
2127						Cipriani		
2128	Eton						Eton College School	Eton
2128	Trin. Hall Camb.	1766					Trinity Hall College, Cambridge	Cambridge
2131	Trin. Hall Camb.	1773					Trinity Hall College, Cambridge	Cambridge
2133	Trin. Hall Camb.	1760					Trinity Hall College, Cambridge	Cambridge
2133	L.Inn	1758					Lincoln's Inn	London
2133				LLB	1766			
2135	Eton						Eton College School	Eton
2136	Eton						Eton College School	Eton
2136	BNC Oxf.	1712					Brasenose College, Oxford	Oxford
2142	Westminster						Westminster School	Westminster, London
2142	Ch.Ch. Oxf.	1767					Church Christ College, Oxford	Oxford
2147	Marlborough						Marlborough Grammar School	Marlborough
2147	New Coll. Oxf.	1720					New College, Oxford	Oxford
2149	Queen's Oxf.	1754					Queen's College, Oxford	Oxford
2149	L.Inn	1754					Lincoln's Inn	London
2152	Caius Camb.	1784					Gonville and Caius College, Cambridge	Cambridge
2163	St Mary Hall Oxf.	1737					St Mary's Hall College, Oxford	Oxford
2163	Geneva U.	1740					University of Geneva	Geneva
2168	RA Schools	1781					Royal Academy Schools	London
2188	Christ's Camb.	1777					Christ's College, Cambridge	Cambridge
2201	Eton						Eton College School	Eton
2202	Westminster						Westminster School	Westminster, London
2202	Ch.Ch. Oxf.	1720					Church Christ College, Oxford	Oxford
2203	Eton						Eton College School	Eton
2207	Glasgow U.	1738	1742				Glasgow University	Glasgow
2209	Dublin Society Schools of Drawing	1750	1758				Dublin Society Schools of Drawing	Dublin
2211	Ch.Ch. Oxf.	1718					Church Christ College, Oxford	Oxford
2212	Winchester						Winchester College School	Winchester
2212	St Mary Hall Oxf.	1741					St Mary's Hall College, Oxford	Oxford
2219	Westminster						Westminster School	Westminster, London
2220	RA Schools	1769					Royal Academy Schools	London
2221	St John's Camb.	1795					St John's College, Cambridge	Cambridge
2228	L.Inn	1750					Lincoln's Inn	London
2236	Westminster						Westminster School	Westminster, London
2236	Ch.Ch. Oxf.	1763					Church Christ College, Oxford	Oxford
2242	Westminster						Westminster School	Westminster, London
2242	Ch.Ch. Oxf.	1693					Church Christ College, Oxford	Oxford
2243	St Catharine's Camb.	1720					St Catharine's College, Cambridge	Cambridge
2248	Ch.Ch. Oxf.	1702					Church Christ College, Oxford	Oxford
2248	I.Temple	1710					Inner Temple	London
2249	Westminster						Westminster School	Westminster, London
2251	RA Schools	1769	1776				Royal Academy Schools	London
2255	Eton						Eton College School	Eton
2255	King's Camb.	1765					King's College, Cambridge	Cambridge
2255	L.Inn	1768					Lincoln's Inn	London
2265	Westminster						Westminster School	Westminster, London
2287	St Mary Hall Oxf.	1724					St Mary's Hall College, Oxford	Oxford
2305	Queens' Camb.	1750					Queen's College, Cambridge	Cambridge
2305	M.Temple	1750					Middle Temple	London
2309	Ch.Ch. Oxf.	1705					Church Christ College, Oxford	Oxford
2314	Trin. Camb.						Trinity College, Cambridge	Cambridge
2314	Trin. Camb.			BA	1782		Trinity College, Cambridge	Cambridge
2327	Ch.Ch. Oxf.						Church Christ College, Oxford	Oxford
2327	Ch.Ch. Oxf.			BA	1731		Church Christ College, Oxford	Oxford
2327	Ch.Ch. Oxf.			DD	1745		Church Christ College, Oxford	Oxford
2337	King's Camb.	1719					King's College, Cambridge	Cambridge
2337				DD	1748			
2338		1742	1749			Henry Cheere		
2340	Ch.Ch. Oxf.	1712					Church Christ College, Oxford	Oxford
2341	Carlisle					J.B. Gilpin		Carlisle, Cumbria
2341	RA Schools	1778					Royal Academy Schools	London
2348	Peterhouse Camb.	1706					Peterhouse College, Cambridge	Cambridge
2348	I.Temple	1708					Inner Temple	London
2357	Dublin U.	1740					Trinity College Dublin	Dublin
2363	Harrow						Harrow School	London
2365	Ch.Ch. Oxf.	1705					Church Christ College, Oxford	Oxford
2379	Westminster						Westminster School	Westminster, London
2380	Clare Camb.	1708					Clare College, Cambridge	Cambridge
2381	Camb.							Cambridge
2381	Camb.			BA	1755			Cambridge
2383	Eton						Eton College School	Eton
2385	St John's Camb.	1786					St John's College, Cambridge	Cambridge
2385	L.Inn	1793					Lincoln's Inn	London
2387	Westminster						Westminster School	Westminster, London
2387	Clare Camb.	1713					Clare College, Cambridge	Cambridge
2390	Westminster						Westminster School	Westminster, London
2390	Corpus Christi Camb.	1751					Corpus Christi College, Cambridge	Cambridge
2392	St John's Camb.	1720					St John's College, Cambridge	Cambridge
2401						John Van Nost the younger		
2402	Ch.Ch. Oxf.	1676					Church Christ College, Oxford	Oxford
2412	Dublin Society Schools of Drawing						Dublin Society Schools of Drawing	Dublin
2416	Peterhouse Camb.	1731					Peterhouse College, Cambridge	Cambridge
2420	Queen's Oxf.	1774					Queen's College, Oxford	Oxford
2424	Shrewsbury						Shrewsbury School	Shrewsbury
2424	St John's Camb.						St John's College, Cambridge	Cambridge
2424	St John's Camb.			BA	1675		St John's College, Cambridge	Cambridge
2424	Oxf.			DCL	1708			Oxford
2425	Shrewsbury						Shrewsbury School	Shrewsbury
2425	Westminster						Westminster School	Westminster, London
2425	Magd. Oxf.	1750					Magdalene College, Oxford	Oxford
2426	Eton						Eton College School	Eton
2426	St John's Camb.	1707					St John's College, Cambridge	Cambridge
2426	M.Temple	1708					Middle Temple	London
2432	Trin. Camb.	1706					Trinity College, Cambridge	Cambridge
2433	Trin. Camb.	1783					Trinity College, Cambridge	Cambridge
2434	Trinity Camb.	1751					Trinity College, Cambridge	Cambridge
2434				DD	1764			
2437	Bristol GS						Bristol Grammar School	Bristol
2437	Hertford Oxf.	1764					Hertford College, Oxford	Oxford
2437	I.Temple	1766					Inner Temple	London
2439	Westminster						Westminster School	Westminster, London
2442						Scheemakers		
2443	RA Schools	1773					Royal Academy Schools	London
2443						his father		
2446	London					Grisoni	Grisoni	London
2447	Westminster						Westminster School	Westminster, London
2448	Westminster						Westminster School	Westminster, London
2448	Christ's Camb.	1739					Christ's College, Cambridge	Cambridge
2449				MD	1700			
2452	Bristol GS						Bristol Grammar School	Bristol
2452	BNC Oxf.	1774					Brasenose College, Oxford	Oxford
2452	M.Temple	1776					Middle Temple	London
2453	Eton						Eton College School	Eton
2453	Corpus Oxf.	1727					Corpus Christi College, Oxford	Oxford
2462	Trin. Oxf.	1716					Trinity College, Oxford	Oxford
2467	Westminster						Westminster School	Westminster, London
2467	Trin. Camb.	1732					Trinity College, Cambridge	Cambridge
2468	Corpus Oxf.	1704					Corpus Christi College, Oxford	Oxford
2468	Magd. Oxf.	1705					Magdalene College, Oxford	Oxford
2468	Magd. Oxf.			MA	1711		Magdalene College, Oxford	Oxford
2470	St John's Camb.	1758					St John's College, Cambridge	Cambridge
2470				LLB	1765			
2471	Eton						Eton College School	Eton
2471	Ch.Ch. Oxf.	1720					Church Christ College, Oxford	Oxford
2473	Eton						Eton College School	Eton
2473	Ch.Ch. Oxf.	1790					Church Christ College, Oxford	Oxford
2477	Amsterdam	1773	1734					Amsterdam
2477	L.Inn	1740					Lincoln's Inn	London
2484	Magd. Oxf.	1740					Magdalene College, Oxford	Oxford
2488	Leipzig U.						Leipzig University	Leipzig
2489	RA Schools	1769					Royal Academy Schools	London
2490						Dr John Hunter		
2513	Glasgow U.	1724					Glasgow University	Glasgow
2513	Leiden U.	1728					Leiden University	Leiden
2520	Westminster						Westminster School	Westminster, London
2520	Eton						Eton College School	Eton
2520	St John's Camb.	1754	1758				St John's College, Cambridge	Cambridge
2520	I.Temple	1756					Inner Temple	London
2531	Westminster						Westminster School	Westminster, London
2532	St John's Camb.	1754					St John's College, Cambridge	Cambridge
2537	Pembroke Camb.	1751					Pembroke College, Cambridge	Cambridge
2537	L.Inn	1752					Lincoln's Inn	London
2541	Magd. Camb.						Magdalene College, Cambridge	Cambridge
2542						Philip Reinagle		
2542	RA Schools	1778					Royal Academy Schools	London
2545	Douai						Douai College	Douai
2553	Pembroke Oxf.	1731					Pembroke College, Oxford	Oxford
2557	Trin. Camb.	1717					Trinity College, Cambridge	Cambridge
2557	I.Temple	1720					Inner Temple	London
2562						Richardson		
2574	Eton						Eton College School	Eton
2574	Trin. Camb.	1766					Trinity College, Cambridge	Cambridge
2575	Edinburgh U.	1722					Edinburgh University	Edinburgh
2579	Shipley's Art Academy						Shipley's Art Academy	London
2579	Bath	1760	1762			Samuel Collins		Bath, Somerset
2588	Westminster						Westminster School	Westminster, London
2588	Ch.Ch. Oxf.	1747					Church Christ College, Oxford	Oxford
2589	Wadham Oxf.	1693					Wadham College, Oxford	Oxford
2594	RA Schools	1769					Royal Academy Schools	London
2594						Joseph Wright		
2597	London					Jonathan Richardson		London
2597						Francesco Riari		
2597						Vincenzo Damini		
2597	Douai						Douai College	Douai
2597	St Omer College	1717	1722				St Omer College School	St Omer
2598	Salamanca							Salamanca
2599	Glasgow U.	1730					Glasgow University	Glasgow
2613	Westminster						Westminster School	Westminster, London
2613	Trin.Camb.	1752					Trinity College, Cambridge	Cambridge
2613	L.Inn	1751					Lincoln's Inn	London
2623	St John's Camb.	1767					St John's College, Cambridge	Cambridge
2627	RA Schools	1777					Royal Academy Schools	London
2629	Eton						Eton College School	Eton
2629	Christ's Camb.	1702					Christ's College, Cambridge	Cambridge
2629	Leiden U.	1704					Leiden University	Leiden
2639						Elisha Kirkall		
2641	Magd. Oxf.	1723					Magdalene College, Oxford	Oxford
2641				DD	1742			
2643	Exeter Oxf.	1777					Exeter College, Oxford	Oxford
2643				BD	1796			
2649		1749				Arthur Pond		
2650	St Mary Hall Oxf.	1755					St Mary's Hall College, Oxford	Oxford
2656	M.Temple	1727					Middle Temple	London
2668	RA Schools	1772					Royal Academy Schools	London
2668						J.H. Mortimer		
2680	London					Hudson		London
2681	Charterhouse						Charterhouse School	Godalming
2681	Ch.Ch. Oxf.	1787					Church Christ College, Oxford	Oxford
2689	Eton						Eton College School	Eton
2689	King's Camb.	1728					King's College, Cambridge	Cambridge
2691		1694	1695			Kneller		
2692	Burton-on-Trent GS						Burton-on-Trent Grammar School	Burton upon Trent
2695	Eton						Eton College School	Eton
2695	Hertford Oxf.	1764					Hertford College, Oxford	Oxford
2695	L.Inn	1764					Lincoln's Inn	London
2697	Shrewsbury						Shrewsbury School	Shrewsbury
2697	Eton						Eton College School	Eton
2697	Edinburgh U.	1767					Edinburgh University	Edinburgh
2700	RA Schools	1782					Royal Academy Schools	London
2704	St John's Camb.	1700					St John's College, Cambridge	Cambridge
2704				MD	1728			
2714	Ch.Ch. Oxf.	1724					Church Christ College, Oxford	Oxford
2715	Shipley's Art Academy	1761					Shipley's Art Academy	London
2715	St Martin's Lane Academy						St Martin's Lane Academy	London
2715	RA Schools	1769					Royal Academy Schools	London
2715		1763	1765			Richard Wilson		
2715	Jesus Oxf.	1759					Jesus College, Oxford	Oxford
2722	BNC Oxf.	1754					Brasenose College, Oxford	Oxford
2724	I.Temple	1751					Inner Temple	London
2728	St Martin's Lane Academy	1754					St Martin's Lane Academy	London
2733	Paris	1716	1719					Paris
2741	Trin. Camb.	1706					Trinity College, Cambridge	Cambridge
2751	St Edmund's Hall Oxf.	1689					St Edmund's Hall College, Oxford	Oxford
2753						Joseph Wilton		
2753	Rome							Rome
2758	Westminster						Westminster School	Westminster, London
2764	Magd. Camb.	1767					Magdalene College, Cambridge	Cambridge
2766	Eton						Eton College School	Eton
2771	Glasgow U.						Glasgow University	Glasgow
2773	Clare Camb.	1723					Clare College, Cambridge	Cambridge
2775	Eton						Eton College School	Eton
2775	Trin. Camb.	1756					Trinity College, Cambridge	Cambridge
2776	Eton						Eton College School	Eton
2776	Trin. Camb.	1793					Trinity College, Cambridge	Cambridge
2779	St John's Camb.	1792					St John's College, Cambridge	Cambridge
2779				MA	1804			
2781	Eton						Eton College School	Eton
2792		1759				Gainsborough		
2797		1715	1722			Jonathan Richardson		
2799	Wadham Oxf.	1754					Wadham College, Oxford	Oxford
2806	I.Temple	1719					Inner Temple	London
2811	BNC Oxf.	1762					Brasenose College, Oxford	Oxford
2828	Eton						Eton College School	Eton
2828	Trin. Camb.	1782					Trinity College, Cambridge	Cambridge
2839	Ch.Ch. Oxf.	1745					Church Christ College, Oxford	Oxford
2843	Magd. Oxf.	1731					Magdalene College, Oxford	Oxford
2843	L.Inn	1731					Lincoln's Inn	London
2848	Trin. Camb.	1732					Trinity College, Cambridge	Cambridge
2848	I.Temple	1731					Inner Temple	London
2862	St Omer						St Omer College School	St Omer
2865	Queen's Oxf.	1713					Queen's College, Oxford	Oxford
2865	I.Temple	1715					Inner Temple	London
2867	G.Inn						Gray's Inn	London
2878	Clare Camb.	1744					Clare College, Cambridge	Cambridge
2882	Westminster						Westminster School	Westminster, London
2882	Ch.Ch. Oxf.	1731					Church Christ College, Oxford	Oxford
2886	Eton						Eton College School	Eton
2894	Ch.Ch. Oxf.	1726					Church Christ College, Oxford	Oxford
2900	Eton						Eton College School	Eton
2900	St John's Camb.	1692					St John's College, Cambridge	Cambridge
2900	M.Temple	1694					Middle Temple	London
2901	Trin. Camb.	1781					Trinity College, Cambridge	Cambridge
2918	Westminster						Westminster School	Westminster, London
2920	Westminster						Westminster School	Westminster, London
2928	Ch.Ch. Oxf.	1706					Church Christ College, Oxford	Oxford
2935	Ch.Ch. Oxf.	1789					Church Christ College, Oxford	Oxford
2943	Ch.Ch. Oxf.	1678					Church Christ College, Oxford	Oxford
2946	Harrow						Harrow School	London
2946	Ch.Ch. Oxf.	1771					Church Christ College, Oxford	Oxford
2947	Eton						Eton College School	Eton
2947	King's Camb.	1767					King's College, Cambridge	Cambridge
2947	M.Temple	1769					Middle Temple	London
2947				LLD	1782			
2948	King's Camb.	1769					King's College, Cambridge	Cambridge
2951	Peterhouse Camb.	1725					Peterhouse College, Cambridge	Cambridge
2952	Ch.Ch. Oxf.	1712					Church Christ College, Oxford	Oxford
2952	I.Temple	1712					Inner Temple	London
2956	Eton						Eton College School	Eton
2956	Clare Camb.	1737					Clare College, Cambridge	Cambridge
2957	Eton						Eton College School	Eton
2966	Paris	1715	1717					Paris
2967	St John's Camb.	1737					St John's College, Cambridge	Cambridge
2968	St John's Camb.	1727					St John's College, Cambridge	Cambridge
2968				BD	1743			
2969	Oxf.	1702						Oxford
2977	Edinburgh U.						Edinburgh University	Edinburgh
2985	Ch.Ch. Oxf.	1746					Church Christ College, Oxford	Oxford
2985				DD	1763			
2991	M.Temple						Middle Temple	London
2995	Trin. Camb.	1699					Trinity College, Cambridge	Cambridge
2995				MA	1706			
2999						Fuseli		
3009	St John's Oxf.	1794					St John's College, Oxford	Oxford
3013	Emmanuel Camb.	1779					Emmanuel College, Cambridge	Cambridge
3013	I.Temple	1779					Inner Temple	London
3014	Bury St Edmunds GS						Bury St Edmunds Grammar School	Bury St Edmunds
3014	Emmanuel Camb.	1766					Emmanuel College, Cambridge	Cambridge
3014	L.Inn	1769					Lincoln's Inn	London
3015	Westminster						Westminster School	Westminster, London
3015	Oriel Oxf.	1756					Oriel College, Oxford	Oxford
3017	Westminster						Westminster School	Westminster, London
3017	Balliol Oxf.	1722					Balliol College, Oxford	Oxford
3020	Ch.Ch. Oxf.	1705					Church Christ College, Oxford	Oxford
3022	Eton						Eton College School	Eton
3022	Christ's Camb.	1767					Christ's College, Cambridge	Cambridge
3032						Cipriani		
3032	RA Schools	1769					Royal Academy Schools	London
3033	New Coll. Oxf.						New College, Oxford	Oxford
3036	Westminster						Westminster School	Westminster, London
3036	Trin. Camb.	1776					Trinity College, Cambridge	Cambridge
3037	Peterhouse Camb.	1753					Peterhouse College, Cambridge	Cambridge
3038	Clare Camb.	1745					Clare College, Cambridge	Cambridge
3044	Balliol Oxf.	1733					Balliol College, Oxford	Oxford
3050	Eton						Eton College School	Eton
3050	King's Camb.	1771					King's College, Cambridge	Cambridge
3051	Eton						Eton College School	Eton
3051	King's Camb.	1703					King's College, Cambridge	Cambridge
3059	St John's Camb.	1748					St John's College, Cambridge	Cambridge
3059	I.Temple	1749					Inner Temple	London
3065	Peterhouse Camb.	1744					Peterhouse College, Cambridge	Cambridge
3066	Eton						Eton College School	Eton
3066	Ch.Ch. Oxf.	1726					Church Christ College, Oxford	Oxford
3067	Balliol Oxf.	1781					Balliol College, Oxford	Oxford
3068	Besançon							Besançon
3069	Eton						Eton College School	Eton
3069	Ch.Ch. Oxf.	1761					Church Christ College, Oxford	Oxford
3076	L.Inn	1753					Lincoln's Inn	London
3089	Ch.Ch. Oxf.	1759					Church Christ College, Oxford	Oxford
3100	Eton						Eton College School	Eton
3100	Leiden U.	1737					Leiden University	Leiden
3110	Leiden U.	1728					Leiden University	Leiden
3112	Foulis Academy						Foulis Academy of Fine Arts	Glasgow
3123	Edinburgh U.						Edinburgh University	Edinburgh
3125	Dublin Society Schools of Drawing						Dublin Society Schools of Drawing	Dublin
3142	Corpus Oxf.	1744					Corpus Christi College, Oxford	Oxford
3148	Corpus Camb.	1775					Corpus Christi College, Cambridge	Cambridge
3149	Edinburgh U.	1721					Edinburgh University	Edinburgh
3152	Leiden U.	1765					Leiden University	Leiden
3152	Winchester						Winchester College School	Winchester
3152	Merton Oxf.	1763					Merton College, Oxford	Oxford
3155	Westminster						Westminster School	Westminster, London
3157	Merton Oxf.	1782					Merton College, Oxford	Oxford
3158	St Paul's						St Paul's School	London
3158	Trin. Camb.	1678					Trinity College, Cambridge	Cambridge
3162	Harrow						Harrow School	London
3162	Winchester						Winchester College School	Winchester
3169	Clare Hall Camb.						Clare Hall College, Cambridge	Cambridge
3170	Charterhouse						Charterhouse School	Godalming
3170	Peterhouse Camb.	1760					Peterhouse College, Cambridge	Cambridge
3173	King's Camb.						King's College, Cambridge	Cambridge
3173	King's Camb.			BA	1703		King's College, Cambridge	Cambridge
3175	Caen acad.						Caen Military Academy	Caen 
3179	Ch.Ch. Oxf.	1736					Church Christ College, Oxford	Oxford
3187	Winchester						Winchester College School	Winchester
3190	London					Edward Burch		London
3194	Eton						Eton College School	Eton
3200						Scougall		
3200						Kneller		
3206	London	1752				Allan Ramsay		London
3215	Emmanuel Camb.	1752					Emmanuel College, Cambridge	Cambridge
3219	Corpus Camb.	1758					Corpus Christi College, Cambridge	Cambridge
3229		1739				Ramsay		
3233	Trin. Camb.	1763					Trinity College, Cambridge	Cambridge
3235	Leiden U.	1718					Leiden University	Leiden
3240	Ch.Ch. Oxf.	1765					Church Christ College, Oxford	Oxford
3241	Foulis Academy						Foulis Academy of Fine Arts	Glasgow
3250	Eton						Eton College School	Eton
3250	Sidney Sussex Camb.	1770					Sidney Sussex College, Cambridge	Cambridge
3253	Winchester						Winchester College School	Winchester
3253	Queen's Oxf.	1739					Queen's College, Oxford	Oxford
3258	Dublin U.			BA	1762		Trinity College Dublin	Dublin
3265	Charterhouse						Charterhouse School	Godalming
3265	Emmanuel Camb.	1776					Emmanuel College, Cambridge	Cambridge
3265	L.Inn	1780					Lincoln's Inn	London
3282	Ch.Ch. Oxf.	1665					Church Christ College, Oxford	Oxford
3287	Harrow						Harrow School	London
3287	Christ's Camb.	1771					Christ's College, Cambridge	Cambridge
3287	L.Inn	1770					Lincoln's Inn	London
3290	Trin. Oxf.	1714					Trinity College, Oxford	Oxford
3299	St Omer College						St Omer College School	St Omer
3299	Liège							Liège
3305	Westminster						Westminster School	Westminster, London
3305	Ch.Ch. Oxf.	1728					Church Christ College, Oxford	Oxford
3310	Trin. Camb.	1700					Trinity College, Cambridge	Cambridge
3310				DD	1717			
3313	Eton						Eton College School	Eton
3319	Emmanuel Camb.	1721					Emmanuel College, Cambridge	Cambridge
3319	M.Temple	1723					Middle Temple	London
3328	Hackney						Newcome's School	Hackney
3328	Trin. Hall Camb.	1761					Trinity Hall College, Cambridge	Cambridge
3328	M.Temple	1757					Middle Temple	London
3332	Pembroke Camb.	1715					Pembroke College, Cambridge	Cambridge
3332				MA	1722			
3345				MB	1770			
3345				MD	1776			
3356	Edinburgh U.						Edinburgh University	Edinburgh
3356	Leiden U.	1731					Leiden University	Leiden
3356	Paris	1731						Paris
3356	M.Temple	1734					Middle Temple	London
3361	I.Temple	1772					Inner Temple	London
3371	Eton						Eton College School	Eton
3371	St John's Camb.	1776					St John's College, Cambridge	Cambridge
3379	Trin. Hall Camb.	1713					Trinity Hall College, Cambridge	Cambridge
3384	St John's Oxf.	1733					St John's College, Oxford	Oxford
3384				MD	1747			
3386	Ch.Ch. Oxf.	1708					Church Christ College, Oxford	Oxford
3387	Eton						Eton College School	Eton
3390	Westminster						Westminster School	Westminster, London
3390	Trin. Camb.	1693					Trinity College, Cambridge	Cambridge
3390	M.Temple	1693					Middle Temple	London
3390	I.Temple	1706					Inner Temple	London
3391	Leiden U.	1741					Leiden University	Leiden
3391	Westminster						Westminster School	Westminster, London
3394	Eton						Eton College School	Eton
3413	Paris							Paris
3413	London							London
3413	Glasgow			MD	1770			Glasgow
3414	Pembroke Oxf.	1745					Pembroke College, Oxford	Oxford
3424	Trustees' Academy						Trustees Drawing Academy	Edinburgh
3426	Queens' Camb.	1723					Queen's College, Cambridge	Cambridge
3429	Edinburgh U.	1761					Edinburgh University	Edinburgh
3429	Edinburgh U.			MD	1763		Edinburgh University	Edinburgh
3434	Corpus Oxf.	1724					Corpus Christi College, Oxford	Oxford
3440	Eton						Eton College School	Eton
3440	Harrow						Harrow School	London
3440	Ch.Ch. Oxf.	1778					Church Christ College, Oxford	Oxford
3442	Eton						Eton College School	Eton
3442	Ch.Ch. Oxf.	1790					Church Christ College, Oxford	Oxford
3446	Eton						Eton College School	Eton
3446	St John's Camb.	1753					St John's College, Cambridge	Cambridge
3449	Yale U.	1743					Yale University	New Haven
3452	Manchester GS						Manchester Grammar School	Manchester
3452	St John's Camb.	1789					St John's College, Cambridge	Cambridge
3456	Glasgow U.	1748					Glasgow University	Glasgow
3456	Leiden U.	1751					Leiden University	Leiden
3461	Westminster						Westminster School	Westminster, London
3461	Ch.Ch. Oxf.	1751					Church Christ College, Oxford	Oxford
3462	Westminster						Westminster School	Westminster, London
3462	Ch.Ch. Oxf.	1720					Church Christ College, Oxford	Oxford
3468	Ch.Ch. Oxf.	1763					Church Christ College, Oxford	Oxford
3472	Harrow						Harrow School	London
3472	Winchester						Winchester College School	Winchester
3481				BA	1734			
3481				MA	1744			
3489	Glasgow U.	1710					Glasgow University	Glasgow
3493	Westminster						Westminster School	Westminster, London
3498	Edinburgh U.	1732					Edinburgh University	Edinburgh
3498	Leiden U.	1735					Leiden University	Leiden
3508	Westminster						Westminster School	Westminster, London
3508	Oriel Oxf.	1758					Oriel College, Oxford	Oxford
3508	L.Inn	1761					Lincoln's Inn	London
3511	Christ's Camb.	1695					Christ's College, Cambridge	Cambridge
3511	L.Inn	1695					Lincoln's Inn	London
3512	Eton						Eton College School	Eton
3512	Ch.Ch. Oxf.	1781					Church Christ College, Oxford	Oxford
3527	Trustees' Academy						Trustees Drawing Academy	Edinburgh
3535	Douai	1722					Douai College	Douai
3540	M.Temple	1733					Middle Temple	London
3545	Eton						Eton College School	Eton
3545	Merton Oxf.	1768					Merton College, Oxford	Oxford
3546	Edinburgh	1772	1776					Edinburgh
3548	Queens' Camb.	1754					Queen's College, Cambridge	Cambridge
3552	Westminster						Westminster School	Westminster, London
3552	Univ. Coll. Oxf.	1736					University College, Oxford	Oxford
3556	Ch.Ch. Oxf.	1699					Church Christ College, Oxford	Oxford
3561	St Mary Hall Oxf.	1665					St Mary's Hall College, Oxford	Oxford
3561	Merton Oxf.			DCL	1678		Merton College, Oxford	Oxford
3564						William Jones		
3567	Trin. Hall Camb.	1760					Trinity Hall College, Cambridge	Cambridge
3567	L.Inn	1758					Lincoln's Inn	London
3573	Trin. Camb.	1712					Trinity College, Cambridge	Cambridge
3573				LLB	1717			
3575	Eton						Eton College School	Eton
3583	Westminster						Westminster School	Westminster, London
3584	Eton						Eton College School	Eton
3584	BNC Oxf.	1763					Brasenose College, Oxford	Oxford
3586						William Shipley		
3586	D. of Richmond's Gallery						Duke of Richmond's Cast Gallery	London
3593	Trin. Camb.	1760					Trinity College, Cambridge	Cambridge
3595	Eton						Eton College School	Eton
3595	Trin. Oxf.	1721					Trinity College, Oxford	Oxford
3596	Eton						Eton College School	Eton
3596	Trin. Oxf.	1749					Trinity College, Oxford	Oxford
3597	Eton						Eton College School	Eton
3597	Ch.Ch. Oxf.	1782					Church Christ College, Oxford	Oxford
3600	Magd. Camb.	1691					Magdalene College, Cambridge	Cambridge
3603	Westminster						Westminster School	Westminster, London
3603	Ch.Ch. Oxf.	1755					Church Christ College, Oxford	Oxford
3604	RA Schools						Royal Academy Schools	London
3605	Westminster						Westminster School	Westminster, London
3605	Ch.Ch. Oxf.	1763					Church Christ College, Oxford	Oxford
3610	St Martin's Lane Academy						St Martin's Lane Academy	London
3611	Harrow						Harrow School	London
3611	St John's Camb.	1759					St John's College, Cambridge	Cambridge
3611	M.Temple	1755					Middle Temple	London
3614	Ch.Ch. Oxf.	1784					Church Christ College, Oxford	Oxford
3614				MA	1792			
3623	Westminster						Westminster School	Westminster, London
3643	Aberdeen U.	1756					Aberdeen University	Aberdeen
3647	Eton						Eton College School	Eton
3647	Corpus Oxf.	1714					Corpus Christi College, Oxford	Oxford
3648	Eton						Eton College School	Eton
3668	Eton						Eton College School	Eton
3668	King's Camb.	1765					King's College, Cambridge	Cambridge
3668	L.Inn	1769					Lincoln's Inn	London
3673	Eton						Eton College School	Eton
3673	King's Camb.	1748					King's College, Cambridge	Cambridge
3676	France							France
3676	Ch.Ch. Oxf.	1679					Church Christ College, Oxford	Oxford
3682	St John's Camb.	1706					St John's College, Cambridge	Cambridge
3684	Ch.Ch. Oxf.	1760					Church Christ College, Oxford	Oxford
3688	Eton						Eton College School	Eton
3688	Trin. Camb.	1793					Trinity College, Cambridge	Cambridge
3691						John Brown		
3691	RA Schools	1788					Royal Academy Schools	London
3700	Magd. Camb.						Magdalene College, Cambridge	Cambridge
3700	Corpus Camb.	1784					Corpus Christi College, Cambridge	Cambridge
3705	Westminster						Westminster School	Westminster, London
3705	Ch.Ch. Oxf.	1787					Church Christ College, Oxford	Oxford
3706	Oxf.			MA				Oxford
3707	St Martin's Lane Academy						St Martin's Lane Academy	London
3708	St Martin's Lane Academy						St Martin's Lane Academy	London
3711	Pemb. Camb.	1753					Pembroke College, Cambridge	Cambridge
3717	Clare Camb.	1757					Clare College, Cambridge	Cambridge
3726						Wilton		
3726						Cipriani		
3728	Caen							Caen 
3728	Ch.Ch. Oxf.	1773					Church Christ College, Oxford	Oxford
3730	Clare Camb.	1715					Clare College, Cambridge	Cambridge
3730	Corpus Camb.	1718					Corpus Christi College, Cambridge	Cambridge
3731	Ch.Ch. Oxf.	1753					Church Christ College, Oxford	Oxford
3733	Duke of Richmond's gallery						Duke of Richmond's Cast Gallery	London
3733	Chichester					Smith brothers		
3741	Magd. Oxf.	1774					Magdalene College, Oxford	Oxford
3741				DD	1798			
3742	L.Inn	1766					Lincoln's Inn	London
3747	St Martin's Lane Academy						St Martin's Lane Academy	London
3747	Duke of Richmond's gallery						Duke of Richmond's Cast Gallery	London
3747	RA Schools	1769					Royal Academy Schools	London
3747		1766				Reynolds		
3749	St Martin's Lane Academy						St Martin's Lane Academy	London
3749	Duke of Richmond's gallery						Duke of Richmond's Cast Gallery	London
3753	Oxf.			MB				Oxford
3753	Oxf.			MB	1790			Oxford
3762	Exeter						Exeter College, Oxford	Oxford
3762	London					Dr Mead		London
3770	Germany	1768	1771					Germany
3774	St John's Oxf.	1763					St John's College, Oxford	Oxford
3774	St John's Oxf.			MA	1766		St John's College, Oxford	Oxford
3782	Eton						Eton College School	Eton
3788	Eton						Eton College School	Eton
3788	Pembroke Camb.	1771					Pembroke College, Cambridge	Cambridge
3790	Eton						Eton College School	Eton
3792	Westminster						Westminster School	Westminster, London
3792	Clare Camb.	1745					Clare College, Cambridge	Cambridge
3793	Westminster						Westminster School	Westminster, London
3793	Clare Camb.	1773					Clare College, Cambridge	Cambridge
3795	Eton						Eton College School	Eton
3795	King's Camb.	1772					King's College, Cambridge	Cambridge
3799	Eton						Eton College School	Eton
3801	Eton						Eton College School	Eton
3801	Clare Camb.	1776					Clare College, Cambridge	Cambridge
3805	Trin. Camb.	1754					Trinity College, Cambridge	Cambridge
3808						Hudson		
3809	New Coll. Oxf.	1788					New College, Oxford	Oxford
3810	Winchester						Winchester College School	Winchester
3810	Clare Camb.	1753					Clare College, Cambridge	Cambridge
3810	L.Inn	1762					Lincoln's Inn	London
3812	Ch.Ch. Oxf.						Church Christ College, Oxford	Oxford
3812	Ch.Ch. Oxf.			BA	1764		Church Christ College, Oxford	Oxford
3813	Westminster						Westminster School	Westminster, London
3813	Magd. Oxf.	1699					Magdalene College, Oxford	Oxford
3814	Edinburgh			MD	1780			Edinburgh
3815	Eton						Eton College School	Eton
3821	St John's Oxf.	1693					St John's College, Oxford	Oxford
3830	Scots. Coll. Paris	1686					Scots College, University of Paris	Paris
3832	Westminster						Westminster School	Westminster, London
3832	Ch.Ch. Oxf.	1674					Church Christ College, Oxford	Oxford
3833	Ch.Ch. Oxf.	1710					Church Christ College, Oxford	Oxford
3833	Leiden U.			MD	1724		Leiden University	Leiden
3835	Dublin					Robert West		Dublin
3835	London					Hudson		London
3835	Exeter Oxf.	1779					Exeter College, Oxford	Oxford
3844	Oxf.			BA	1744			Oxford
3848	Magd. Oxf.	1724					Magdalene College, Oxford	Oxford
3849	Pembroke Oxf.	1720					Pembroke College, Oxford	Oxford
3849	L.Inn	1721					Lincoln's Inn	London
3852	Pembroke Oxf.	1761					Pembroke College, Oxford	Oxford
3866	Ch.Ch. Oxf.	1681					Church Christ College, Oxford	Oxford
3866	I.Temple	1863					Inner Temple	London
3870	Westminster						Westminster School	Westminster, London
3870	Ch.Ch. Oxf.	1725					Church Christ College, Oxford	Oxford
3886	Winchester						Winchester College School	Winchester
3886	Magd. Oxf.	1737					Magdalene College, Oxford	Oxford
3887	Queen's Oxf.	1722					Queen's College, Oxford	Oxford
3889	Marylebone						Marylebone School	Marylebone
3889	Clare Camb.	1754					Clare College, Cambridge	Cambridge
3890	Charterhouse						Charterhouse School	Godalming
3896						Richard Wilson		
3908	RA schools	1773					Royal Academy Schools	London
3909	Eton						Eton College School	Eton
3911	Eton						Eton College School	Eton
3911	Ch.Ch. Oxf.	1783					Church Christ College, Oxford	Oxford
3914	Corpus Oxf.	1720					Corpus Christi College, Oxford	Oxford
3919	Ch.Ch. Oxf.						Church Christ College, Oxford	Oxford
3919	Ch.Ch. Oxf.			MA	1717		Church Christ College, Oxford	Oxford
3921	Vanderbank academy	1720					Vanderbank's Academy in St Martin's Lane	London
3925	Pembroke Camb.	1760					Pembroke College, Cambridge	Cambridge
3927	Queen's Oxf.	1761					Queen's College, Oxford	Oxford
3927	L.Inn	1772					Lincoln's Inn	London
3935	Ch.Ch. Oxf.	1777					Church Christ College, Oxford	Oxford
3938	Eton						Eton College School	Eton
3957	Eton						Eton College School	Eton
3975	Trin. Oxf.	1724					Trinity College, Oxford	Oxford
3979	St John's Camb.	1698					St John's College, Cambridge	Cambridge
3979	L.Inn	1695	1696				Lincoln's Inn	London
3981	St Paul's						St Paul's School	London
3981	St John's Camb.	1704					St John's College, Cambridge	Cambridge
3981	L.Inn	1706					Lincoln's Inn	London
3982	Ch.Ch. Oxf.	1763					Church Christ College, Oxford	Oxford
3985	Clare Camb.	1711					Clare College, Cambridge	Cambridge
3985	M.Temple	1711					Middle Temple	London
3998	Westminster						Westminster School	Westminster, London
3998	Ch.Ch. Oxf.	1700					Church Christ College, Oxford	Oxford
3999	Westminster						Westminster School	Westminster, London
4001						Francis West		
4001	Dublin Society Schools of Drawing	1770	1774				Dublin Society Schools of Drawing	Dublin
4001	RA Schools	1775					Royal Academy Schools	London
4003	Westminster						Westminster School	Westminster, London
4003	St John's Oxf.	1736					St John's College, Oxford	Oxford
4007	Harrow						Harrow School	London
4007	Trin. Dublin	1776					Trinity College Dublin	Dublin
4009	Magd. Oxf.	1769					Magdalene College, Oxford	Oxford
4019						Deuchar		
4027	London	1732	1733			Hysing		London
4028	Edinburgh U.						Edinburgh University	Edinburgh
4029	Westminster						Westminster School	Westminster, London
4036	Harrow						Harrow School	London
4036	Univ. Coll. Oxf.	1771					University College, Oxford	Oxford
4040	St Paul's						St Paul's School	London
4040	Eton						Eton College School	Eton
4040	St John's Oxf.	1708					St John's College, Oxford	Oxford
4040				DCL	1719			
4046	Wadham Oxf.	1705					Wadham College, Oxford	Oxford
4047	Paris	1745				Quentin de la Tour		Paris
4057						Philip Reinagle		
4063		1777	1781			William Chambers		
4070	Clare Camb.	1717					Clare College, Cambridge	Cambridge
4071	Ch.Ch. Oxf.	1742					Church Christ College, Oxford	Oxford
4076	Corpus Camb.	1789					Corpus Christi College, Cambridge	Cambridge
4076				DD	1818			
4085	Westminster						Westminster School	Westminster, London
4085	Leiden U.	1753					Leiden University	Leiden
4094	Geneva U.						University of Geneva	Geneva
4101	Shipley's Art Academy						Shipley's Art Academy	London
4107	RA Schools	1779					Royal Academy Schools	London
4111	Exeter Oxf.	1721					Exeter College, Oxford	Oxford
4111	M.Temple	1722					Middle Temple	London
4113	Westminster						Westminster School	Westminster, London
4113	Christ's Camb.	1755					Christ's College, Cambridge	Cambridge
4126	Eton						Eton College School	Eton
4129	Eton						Eton College School	Eton
4137	St Peter's Camb.	1754					St Peter's College, Cambridge	Cambridge
4138	New Coll. Oxf.	1723					New College, Oxford	Oxford
4140	Kendal					Steele		Kendal
4148	Glasgow U.	1734					Glasgow University	Glasgow
4154	RA Schools	1781					Royal Academy Schools	London
4161	Westminster						Westminster School	Westminster, London
4161	Magd. Oxf.	1768					Magdalene College, Oxford	Oxford
4166	Eton						Eton College School	Eton
4170	Harrow						Harrow School	London
4172	Edinburgh					Robert Norie		Edinburgh
4173						his brother Alexander		
4176	Harrow						Harrow School	London
4176	Eton						Eton College School	Eton
4176	Ch.Ch. Oxf.	1756					Church Christ College, Oxford	Oxford
4182	Edinburgh U.						Edinburgh University	Edinburgh
4190						Ravenet		
4192	Trin. Hall Camb.	1731					Trinity Hall College, Cambridge	Cambridge
4199	Hart Hall Oxf.	1703					Hart Hall, Oxford	Oxford
4199	Lincoln Oxf.	1704					Lincoln College, Oxford	Oxford
4200	Trin. Camb.						Trinity College, Cambridge	Cambridge
4200	Trin. Camb.			MA	1780		Trinity College, Cambridge	Cambridge
4203	Edinburgh U.						Edinburgh University	Edinburgh
4212	Eton						Eton College School	Eton
4214	Eton						Eton College School	Eton
4215	Trin. Camb.	1708					Trinity College, Cambridge	Cambridge
4215	L.Inn	1710					Lincoln's Inn	London
4221	Ch.Ch. Oxf.	1705					Church Christ College, Oxford	Oxford
4222	Westminster						Westminster School	Westminster, London
4223	Eton						Eton College School	Eton
4233	Corpus Camb.	1704					Corpus Christi College, Cambridge	Cambridge
4238	Eton						Eton College School	Eton
4238	Trin. Camb.	1735					Trinity College, Cambridge	Cambridge
4241	New Coll. Oxf.	1711					New College, Oxford	Oxford
4242	Queen's Oxf.	1756					Queen's College, Oxford	Oxford
4242	All Souls Oxf.			BA	1760		All Souls College, Oxford	Oxford
4242	All Souls Oxf.			MA	1763		All Souls College, Oxford	Oxford
4246	Emmanuel Camb.	1691					Emmanuel College, Cambridge	Cambridge
4246	Ch.Ch. Oxf.	1707					Church Christ College, Oxford	Oxford
4272	Ch.Ch. Oxf.	1740					Church Christ College, Oxford	Oxford
4273	Gloucester Hall Oxf.	1695					Gloucester Hall College, Oxford	Oxford
4275	St John's Camb.	1701					St John's College, Cambridge	Cambridge
4275	I.Temple	1700					Inner Temple	London
4281	St John's Oxf.	1707					St John's College, Oxford	Oxford
4281	I.Temple	1709					Inner Temple	London
4284	Eton						Eton College School	Eton
4284	Hart Hall Oxf.	1739					Hart Hall, Oxford	Oxford
4284	Hart Hall Oxf.	1744					Hart Hall, Oxford	Oxford
4284	I.Temple	1739					Inner Temple	London
4292						Dominic Serres		
4293	St Martin's Lane Academy						St Martin's Lane Academy	London
4293						Hayman		
4295	St John's Camb.	1727					St John's College, Cambridge	Cambridge
4297	Westminster						Westminster School	Westminster, London
4297	New Coll. Oxf.	1747					New College, Oxford	Oxford
4300	Univ. Coll. Oxf.	1685					University College, Oxford	Oxford
4300	All Souls Oxf.			BA	1688		All Souls College, Oxford	Oxford
4300	All Souls Oxf.			MD	1700		All Souls College, Oxford	Oxford
4301	Winchester						Winchester College School	Winchester
4302	Winchester						Winchester College School	Winchester
4302	Ch.Ch. Oxf.	1779					Church Christ College, Oxford	Oxford
4313						Cheselden		
4315	Magd. Camb.	1669					Magdalene College, Cambridge	Cambridge
4318	Queen's Oxf.	1711					Queen's College, Oxford	Oxford
4322	Ch.Ch. Oxf.	1755					Church Christ College, Oxford	Oxford
4335	Leiden U.						Leiden University	Leiden
4336	Oxf.			MD	1731			Oxford
4351	Univ. Coll. Oxf.	1769					University College, Oxford	Oxford
4353	Rugby							Rugby
4353	Balliol Oxf.	1768					Balliol College, Oxford	Oxford
4356	Ch.Ch. Oxf.	1726					Church Christ College, Oxford	Oxford
4358	Lincoln Oxf.						Lincoln College, Oxford	Oxford
4358	Lincoln Oxf.			BA	1777		Lincoln College, Oxford	Oxford
4358				MD	1784			
4359	Leiden U.	1737					Leiden University	Leiden
4361	Peterhouse Camb.	1712					Peterhouse College, Cambridge	Cambridge
4369	Shackleton's School					Edmund Burke	Shackleton's School	Ballitore, near Dublin
4370	Trin. Camb.	1774					Trinity College, Cambridge	Cambridge
4370				MA	1781			
4373						George Lambert		
4380	Merton Oxf.	1760					Merton College, Oxford	Oxford
4384	Rugby							Rugby
4384	Trin. Camb.	1754					Trinity College, Cambridge	Cambridge
4386	St John's Oxf.	1738					St John's College, Oxford	Oxford
4392	Trin. Camb.	1757					Trinity College, Cambridge	Cambridge
4392	I.Temple	1755					Inner Temple	London
4398	Great Queen St Acad.						Great Queen Street Academy	London
4403	Pembroke Camb.	1733					Pembroke College, Cambridge	Cambridge
4403				BD	1746			
4406	New Coll. Oxf.	1776					New College, Oxford	Oxford
4406				BD	1791			
4411	St John's Camb.	1709					St John's College, Cambridge	Cambridge
4411	Queen's Oxf.	1711					Queen's College, Oxford	Oxford
4411	St John's Camb.	1709					St John's College, Cambridge	Cambridge
4411	Queen's Oxf.	1711					Queen's College, Oxford	Oxford
4411	I.Temple						Inner Temple	London
4415	Edinburgh U.	1781					Edinburgh University	Edinburgh
4415	Leiden U.			MD	1786		Leiden University	Leiden
4416						Sawrey Gilpin		
4417	Westminster						Westminster School	Westminster, London
4432	Ch.Ch. Oxf.	1730					Church Christ College, Oxford	Oxford
4434	Glasgow U.						Glasgow University	Glasgow
4435	St John's Oxf.						St John's College, Oxford	Oxford
4435	Trin. Dublin			BA	1727		Trinity College Dublin	Dublin
4435	St John's Oxf.			MA	1727		St John's College, Oxford	Oxford
4435	St John's Oxf.			DD	1741		St John's College, Oxford	Oxford
4439	Westminster						Westminster School	Westminster, London
4439	Trin. Camb.	1766					Trinity College, Cambridge	Cambridge
4441	Westminster						Westminster School	Westminster, London
4441	Trin. Camb.	1762					Trinity College, Cambridge	Cambridge
4447	RA Schools	1771	1778				Royal Academy Schools	London
4451	Ch.Ch. Oxf.	1704					Church Christ College, Oxford	Oxford
4454	Balliol Oxf.	1750					Balliol College, Oxford	Oxford
4462	Westminster						Westminster School	Westminster, London
4462	Queen's Oxf.	1721					Queen's College, Oxford	Oxford
4463	Westminster						Westminster School	Westminster, London
4463	Pembroke Camb.	1754					Pembroke College, Cambridge	Cambridge
4469	Magd. Oxf.	1717					Magdalene College, Oxford	Oxford
4472	Eton						Eton College School	Eton
4472	Ch.Ch. Oxf.	1756					Church Christ College, Oxford	Oxford
4473	Harrow						Harrow School	London
4473	Trin. Camb.	1776					Trinity College, Cambridge	Cambridge
4477	Harrow						Harrow School	London
4477	Ch.Ch. Oxf.	1762					Church Christ College, Oxford	Oxford
4482	Exeter Oxf.	1758					Exeter College, Oxford	Oxford
4495	Trin. Oxf.	1688					Trinity College, Oxford	Oxford
4496	Utrecht							Utrecht
4496	Geneva							Geneva
4497	Westminster						Westminster School	Westminster, London
4504	Edinburgh U.	1788					Edinburgh University	Edinburgh
4508	M.Temple	1690					Middle Temple	London
4514	Eton						Eton College School	Eton
4514	Ch.Ch. Oxf.	1765					Church Christ College, Oxford	Oxford
4516	Queen's Oxf.	1744					Queen's College, Oxford	Oxford
4523	Pembroke Camb.	1786					Pembroke College, Cambridge	Cambridge
4526	Ch.Ch. Oxf.	1760					Church Christ College, Oxford	Oxford
4528	Jesus Camb.	1733					Jesus College, Cambridge	Cambridge
4530	Edinburgh U.	1724					Edinburgh University	Edinburgh
4532		1760	1766			William Chambers		
4536	Jesus Camb.	1735					Jesus College, Cambridge	Cambridge
4559	Trin. Camb.	1720					Trinity College, Cambridge	Cambridge
4559				BA	1723			
4562	Aberdeen U.	1754					Aberdeen University	Aberdeen
4566	M.Temple	1719					Middle Temple	London
4571	Westminster						Westminster School	Westminster, London
4571	Ch.Ch. Oxf.	1744					Church Christ College, Oxford	Oxford
4573	Douai						Douai College	Douai
4574	Douai						Douai College	Douai
4582	Ch.Ch. Oxf.	1740					Church Christ College, Oxford	Oxford
4584	Clare Hall Camb.	1753					Clare Hall College, Cambridge	Cambridge
4584	Oxf.			DCL	1793			Oxford
4585	Edinburgh					Richard Cooper		Edinburgh
4585	Rouen					Descamps		Rouen
4585	Paris	1749	1750			Le Bas		Paris
4588	Pembroke Camb.	1755					Pembroke College, Cambridge	Cambridge
4594	Douai	1699	1702				Douai College	Douai
4594	Sorbonne			DD	1712		Collège de Sorbonne, Paris	Sorbonne
4600	Edinburgh HS						Edinburgh High School	Edinburgh
4611	di Graffiani's Academy, London						di Graffiani's Academy	London
4611	Edinburgh U.	1766					Edinburgh University	Edinburgh
4634	Eton						Eton College School	Eton
4634	Trin. Camb.	1734					Trinity College, Cambridge	Cambridge
4635	I.Temple	1757					Inner Temple	London
4643	Winchester						Winchester College School	Winchester
4643	Harrow						Harrow School	London
4643	Gottingen U.	1752					Göttingen University	Göttingen
4655	Paris							Paris
4655	Bordeaux							Bordeaux
4655	Turin							Turin
4658	Wadham Oxf.	1719					Wadham College, Oxford	Oxford
4658				BD	1759			
4659	Winchester						Winchester College School	Winchester
4659	Peterhouse Camb.	1741					Peterhouse College, Cambridge	Cambridge
4664	St John's Camb.	1747					St John's College, Cambridge	Cambridge
4664	M.Temple	1747					Middle Temple	London
4668	Ch.Ch. Oxf.	1787					Church Christ College, Oxford	Oxford
4668				BD	1801			
4669	Eton						Eton College School	Eton
4669	Exeter Oxf.	1726					Exeter College, Oxford	Oxford
4670	Douai	1737					Douai College	Douai
4671	Eton						Eton College School	Eton
4671	Magd. Oxf.	1766					Magdalene College, Oxford	Oxford
4675	Oriel Oxf.	1764					Oriel College, Oxford	Oxford
4680	G.Inn	1772					Gray's Inn	London
4686	Trin. Hall Camb.						Trinity Hall College, Cambridge	Cambridge
4691	Westminster						Westminster School	Westminster, London
4691	Trin. Camb.	1757					Trinity College, Cambridge	Cambridge
4695						William Cheselden		
4695	St Thomas' hosp.						St Thomas's Hospital Medical School	London
4695	Basle			MD	1733			Basel
4695	Liège			MD	1734			Liège
4695	Cologne			MD	1734			Cologne
4697						Hayman		
4697	St Martin's Lane Academy						St Martin's Lane Academy	London
4709	Eton						Eton College School	Eton
4725	RA Schools	1786					Royal Academy Schools	London
4728	Queen's Oxf.	1758					Queen's College, Oxford	Oxford
4742	Ch.Ch. Oxf.	1758					Church Christ College, Oxford	Oxford
4742				DCL	1770			
4746	RA Schools	1790					Royal Academy Schools	London
4746		1791				Opie		
4747	Edinburgh U.	1715					Edinburgh University	Edinburgh
4751	Queen's Oxf.	1776					Queen's College, Oxford	Oxford
4751	Ch.Ch. Oxf.	1780					Church Christ College, Oxford	Oxford
4751	Edinburgh U.	1780					Edinburgh University	Edinburgh
4753	Hertford Oxf.	1766					Hertford College, Oxford	Oxford
4753	L.Inn	1772					Lincoln's Inn	London
4760	St Omer College	1741	1747				St Omer College School	St Omer
4779	M.Temple	1728					Middle Temple	London
4780	Westminster						Westminster School	Westminster, London
4780	Ch.Ch. Oxf.	1755					Church Christ College, Oxford	Oxford
4781	Westminster						Westminster School	Westminster, London
4781	Ch.Ch. Oxf.	1785					Church Christ College, Oxford	Oxford
4782	Trin. Camb.	1722					Trinity College, Cambridge	Cambridge
4785	Jesus Camb.	1688					Jesus College, Cambridge	Cambridge
4796	Westminster						Westminster School	Westminster, London
4796	Trin. Camb.	1757					Trinity College, Cambridge	Cambridge
4801	Shipley's Art Academy						Shipley's Art Academy	London
4804	Douai						Douai College	Douai
4809	Eton						Eton College School	Eton
4809	St John's Camb.	1741					St John's College, Cambridge	Cambridge
4812	Ch.Ch. Oxf.	1733					Church Christ College, Oxford	Oxford
4812	Magd. Oxf.	1735					Magdalene College, Oxford	Oxford
4812				DD	1779			
4818	Balliol Oxf.	1734					Balliol College, Oxford	Oxford
4818	New Coll. Oxf.			BA	1739		New College, Oxford	Oxford
4824	Exeter Oxf.	1743					Exeter College, Oxford	Oxford
4825	Ch.Ch. Oxf.	1708					Church Christ College, Oxford	Oxford
4837						Robert West		
4837						Jacob Ennis		
4837	Dublin Society Schools of Drawing	1765					Dublin Society Schools of Drawing	Dublin
4839	Westminster						Westminster School	Westminster, London
4839	Ch.Ch. Oxf.	1767					Church Christ College, Oxford	Oxford
4846	Dublin Society Schools of Drawing	1756					Dublin Society Schools of Drawing	Dublin
4848	St Paul's						St Paul's School	London
4853	Corpus Camb.	1738					Corpus Christi College, Cambridge	Cambridge
4853	M.Temple	1737					Middle Temple	London
4854	Merton Oxf.	1698					Merton College, Oxford	Oxford
4854	M.Temple	1699					Middle Temple	London
4855	Westminster						Westminster School	Westminster, London
4855	military academy, Angers						Angers Military Academy	Angers
4857	Westminster						Westminster School	Westminster, London
4859	St John's Oxf.	1691					St John's College, Oxford	Oxford
4859	G.Inn	1693					Gray's Inn	London
4861	Exeter Oxf.	1730					Exeter College, Oxford	Oxford
4863	Trin. Camb.	1745					Trinity College, Cambridge	Cambridge
4863	I.Temple	1744					Inner Temple	London
4864	Eton						Eton College School	Eton
4864	Hertford Oxf.	1766					Hertford College, Oxford	Oxford
4864	L.Inn	1765					Lincoln's Inn	London
4867	Peterhouse Camb.	1710					Peterhouse College, Cambridge	Cambridge
4871	RA Schools	1793					Royal Academy Schools	London
4873	Trin. Camb.	1772					Trinity College, Cambridge	Cambridge
4873	L.Inn	1775					Lincoln's Inn	London
4875	Queen's Oxf.	1762					Queen's College, Oxford	Oxford
4875	Leiden U.	1761					Leiden University	Leiden
4875	Univ. Coll. Oxf.			MB	1762		University College, Oxford	Oxford
4875				MD	1767			
4880	Univ. Coll. Oxf.	1721					University College, Oxford	Oxford
4882	St John's Camb.	1693	1697				St John's College, Cambridge	Cambridge
4886	Eton						Eton College School	Eton
4886	Ch.Ch. Oxf.	1790					Church Christ College, Oxford	Oxford
4900	Westminster						Westminster School	Westminster, London
4900	Trin. Camb.	1760					Trinity College, Cambridge	Cambridge
4913	Oriel Oxf.	1733					Oriel College, Oxford	Oxford
4913	Magd. Oxf.	1733	1738				Magdalene College, Oxford	Oxford
4918	Westminster						Westminster School	Westminster, London
4918	Trin. Camb.	1736					Trinity College, Cambridge	Cambridge
4918	L.Inn	1739					Lincoln's Inn	London
4926						P. Scheemakers		
4933	Eton						Eton College School	Eton
4933	St John's Camb.	1774					St John's College, Cambridge	Cambridge
4933	L.Inn	1774					Lincoln's Inn	London
4934	Eton						Eton College School	Eton
4934	Queens' Camb.	1728					Queen's College, Cambridge	Cambridge
4935	Queens' Camb.						Queen's College, Cambridge	Cambridge
4935	Queens' Camb.			MA	1700		Queen's College, Cambridge	Cambridge
4941	Exeter Oxf.	1738					Exeter College, Oxford	Oxford
4950	France							France
4952	Eton						Eton College School	Eton
4966	Eton						Eton College School	Eton
4966	Ch.Ch. Oxf.	1785					Church Christ College, Oxford	Oxford
4966	L.Inn	1785					Lincoln's Inn	London
4972	Eton						Eton College School	Eton
4973	Eton						Eton College School	Eton
4973	King's Camb.	1725					King's College, Cambridge	Cambridge
4973	L.Inn	1723					Lincoln's Inn	London
4974	Eton						Eton College School	Eton
4974	King's Camb.	1735					King's College, Cambridge	Cambridge
4975	Corpus Camb.	1741					Corpus Christi College, Cambridge	Cambridge
4975	L.Inn	1736					Lincoln's Inn	London
4985	New Coll. Oxf.	1729					New College, Oxford	Oxford
4989	Oriel Oxf.	1743					Oriel College, Oxford	Oxford
4993	Eton						Eton College School	Eton
4993	St John's Camb.	1760					St John's College, Cambridge	Cambridge
4995	Trin. Camb.	1754					Trinity College, Cambridge	Cambridge
4995				DD	1773			
5009	Ch.Ch. Oxf.	1779					Church Christ College, Oxford	Oxford
5013	Ch.Ch. Oxf.	1769					Church Christ College, Oxford	Oxford
5013	All Souls Oxf.			MA	1778		All Souls College, Oxford	Oxford
5016	Westminster						Westminster School	Westminster, London
5017	Eton						Eton College School	Eton
5020	Eton						Eton College School	Eton
5020	L.Inn	1732					Lincoln's Inn	London
5033	New Coll. Oxf.	1735					New College, Oxford	Oxford
5040						John Bacon the elder		
5040	RA Schools	1772					Royal Academy Schools	London
5041	RA Schools	1775					Royal Academy Schools	London
5044	Hackney						Newcome's School	Hackney
5044	St John's Camb.	1753					St John's College, Cambridge	Cambridge
5044	G.Inn	1753					Gray's Inn	London
5049	St Omer College						St Omer College School	St Omer
5049	Rheims							Rheims
5061	Ch.Ch. Oxf.	1776					Church Christ College, Oxford	Oxford
5067	Univ. Coll. Oxf.	1710					University College, Oxford	Oxford
5073	Harrow						Harrow School	London
5073	Glasgow U.						Glasgow University	Glasgow
5074	Eton						Eton College School	Eton
5081						his father Richard Westmacott		
5083	Blundell's school, Tiverton						Blundell's School	Tiverton
5083	Exeter Oxf.	1764					Exeter College, Oxford	Oxford
5087	St John's Camb.			BA	1767		St John's College, Cambridge	Cambridge
5087	Edinburgh			DD	1808			Edinburgh
5089	Pembroke Camb.	1769					Pembroke College, Cambridge	Cambridge
5089	L.Inn	1768					Lincoln's Inn	London
5096	Eton						Eton College School	Eton
5096	Ch.Ch. Oxf.	1780					Church Christ College, Oxford	Oxford
5096	St John's Camb.	1782					St John's College, Cambridge	Cambridge
5102	Clare Hall Camb.	1735					Clare Hall College, Cambridge	Cambridge
5104	Wadham Oxf.	1737					Wadham College, Oxford	Oxford
5108						Zoffany		
5109	Ch.Ch. Oxf.	1714					Church Christ College, Oxford	Oxford
5111	Trin. Camb.	1758					Trinity College, Cambridge	Cambridge
5114	Trin. Camb.	1760					Trinity College, Cambridge	Cambridge
5114	I.Temple	1763					Inner Temple	London
5116	Ch.Ch. Oxf.	1740					Church Christ College, Oxford	Oxford
5116				MA	1747			
5119	L.Inn	1742					Lincoln's Inn	London
5129	Eton						Eton College School	Eton
5138	Westminster						Westminster School	Westminster, London
5138	Harrow						Harrow School	London
5140	Dublin Society Schools of Drawing	1771					Dublin Society Schools of Drawing	Dublin
5140	RA Schools	1781					Royal Academy Schools	London
5158	Emmanuel Camb.	1780					Emmanuel College, Cambridge	Cambridge
5161						Alexander Nasmyth		
5161	RA Schools	1795					Royal Academy Schools	London
5165	London					T. Wright		London
5170	London					his father		London
5170	Brabant					Delvaux		Brabant
5170	Paris					J.-B. Pigalle		Paris
5172	Eton						Eton College School	Eton
5172	Ch.Ch. Oxf.	1767					Church Christ College, Oxford	Oxford
5176	Christ's Camb.	1756					Christ's College, Cambridge	Cambridge
5178	Eton						Eton College School	Eton
5178	Glasgow U.	1766					Glasgow University	Glasgow
5178	Univ. Coll. Oxf.	1767					University College, Oxford	Oxford
5182	Eton						Eton College School	Eton
5182	Ch.Ch. Oxf.	1767					Church Christ College, Oxford	Oxford
5184		1718	1721			Kneller's academy		
5193	Westminster						Westminster School	Westminster, London
5193	Ch.Ch. Oxf.	1758					Church Christ College, Oxford	Oxford
5194	Queen's Oxf.	1763					Queen's College, Oxford	Oxford
5194	M.Temple	1771					Middle Temple	London
5202	Trin. Camb.	1786					Trinity College, Cambridge	Cambridge
5206	Glasgow U.	1732					Glasgow University	Glasgow
5206	M.Temple	1736					Middle Temple	London
5213	RA Schools	1782					Royal Academy Schools	London
5217	Trin. Camb.	1748					Trinity College, Cambridge	Cambridge
5221	Winchester						Winchester College School	Winchester
5221	Corpus Oxf.	1768					Corpus Christi College, Oxford	Oxford
5223	Eton						Eton College School	Eton
5230	Queens' Camb.	1718					Queen's College, Cambridge	Cambridge
5231	Winchester						Winchester College School	Winchester
5231	New Coll. Oxf.	1732					New College, Oxford	Oxford
5239	London	1751	1753			Hudson		London
5239	London	1756	1757			Hudson		London
5247	Ch.Ch. Oxf.	1783					Church Christ College, Oxford	Oxford
5249	Westminster						Westminster School	Westminster, London
5249	Ch.Ch. Oxf.	1725					Church Christ College, Oxford	Oxford
5250	Eton						Eton College School	Eton
5250	Wadham Oxf.	1755	1759				Wadham College, Oxford	Oxford
5256	Eton						Eton College School	Eton
5256	Ch.Ch. Oxf.	1704					Church Christ College, Oxford	Oxford
5259	Queens' Camb.	1720					Queen's College, Cambridge	Cambridge
5261	Westminster						Westminster School	Westminster, London
5261	Oriel Oxf.	1766					Oriel College, Oxford	Oxford
5265	Worcester Oxf.	1719					Worcester College, Oxford	Oxford
5268	Corpus Oxf.	1723					Corpus Christi College, Oxford	Oxford
5269	Magd. Oxf.	1762					Magdalene College, Oxford	Oxford
5275	Eton						Eton College School	Eton
5275	Leipzig U.						Leipzig University	Leipzig
5278	Corpus Camb.	1746					Corpus Christi College, Cambridge	Cambridge
5278	L.Inn	1746					Lincoln's Inn	London
5279	Harrow						Harrow School	London
5279	Queens' Camb.	1775					Queen's College, Cambridge	Cambridge
5284	Eton						Eton College School	Eton
5284	Clare Camb.						Clare College, Cambridge	Cambridge
5284	University Coll. Oxf.	1768					University College, Oxford	Oxford